Los Angeles,34.05223,-118.24368
New York City,40.71427,-74.00597
Philadelphia,39.95233,-75.16379
Houston,29.76328,-95.36327
Chicago,41.85003,-87.65005
|Washington, D.C.|,38.89511,-77.03637
Phoenix,33.44838,-112.07404
Brooklyn,40.6501,-73.94958
Oklahoma City,35.46756,-97.51643
San Antonio,29.42412,-98.49363
Columbus,39.96118,-82.99879
Austin,30.26715,-97.74306
Boston,42.35843,-71.05977
Sacramento,38.58157,-121.4944
Denver,39.73915,-104.9847
Atlanta,33.749,-84.38798
Indianapolis,39.76838,-86.15804
Honolulu,21.30694,-157.85833
Nashville,36.16589,-86.78444
Memphis,35.14953,-90.04898
Columbia,34.00071,-81.03481
Hartford,41.76371,-72.68509
Fort Worth,32.72541,-97.32085
Dallas,32.78306,-96.80667
Richmond,37.55376,-77.46026
Charleston,38.34982,-81.63262
Des Moines,41.60054,-93.60911
Santa Fe,35.68698,-105.9378
Albuquerque,35.08449,-106.65114
Salem,44.9429,-123.0351
Portland,45.52345,-122.67621
Bismarck,46.80833,-100.78374
Carson City,39.1638,-119.7674
Las Vegas,36.17497,-115.13722
Salt Lake City,40.76078,-111.89105
Olympia,47.03787,-122.9007
Juneau,58.30194,-134.41972
Cheyenne,41.13998,-104.82025
Seattle,47.60621,-122.33207
Boise,43.6135,-116.20345
El Paso,31.75872,-106.48693
San Diego,32.71571,-117.16472
San Francisco,37.77493,-122.41942
San Jose,37.33939,-121.89496
Montgomery,32.36681,-86.29997
Jackson,32.29876,-90.18481
Charlotte,35.22709,-80.84313
New Orleans,29.95465,-90.07507
Baton Rouge,30.44332,-91.18747
Little Rock,34.74648,-92.28959
Kansas City,39.09973,-94.57857
Raleigh,35.7721,-78.63861
Miami,25.77427,-80.19366
Tallahassee,30.43826,-84.28073
Jacksonville,30.33218,-81.65565
Baltimore,39.29038,-76.61219
Springfield,39.80172,-89.64371
Topeka,39.04833,-95.67804
Saint Paul,44.94441,-93.09327
Lincoln,40.8,-96.66696
Fresno,36.74773,-119.77237
Tucson,32.22174,-110.92648
Madison,43.07305,-89.40123
Milwaukee,43.0389,-87.90647
Trenton,40.21705,-74.74294
Providence,41.82399,-71.41283
Albany,42.65258,-73.75623
Lansing,42.73253,-84.55553
Detroit,42.33143,-83.04575
Queens,40.68149,-73.83652
Anchorage,61.21806,-149.90028
Murfreesboro,35.84562,-86.39027
Knoxville,35.96064,-83.92074
Brownsville,25.90175,-97.49748
Chattanooga,35.04563,-85.30968
Clarksville,36.52977,-87.35945
Charleston,32.77657,-79.93092
Tulsa,36.15398,-95.99277
Norman,35.22257,-97.43948
Richardson,32.94818,-96.72972
Round Rock,30.50826,-97.6789
College Station,30.62798,-96.33441
Corpus Christi,27.80058,-97.39638
Tyler,32.35126,-95.30106
Waco,31.54933,-97.14667
Wichita Falls,33.91371,-98.49339
Hampton,37.02987,-76.34522
Chesapeake,36.81904,-76.27494
Alexandria,38.80484,-77.04692
Arlington,38.88101,-77.10428
Pasadena,29.69106,-95.2091
Plano,33.01984,-96.69889
Garland,32.91262,-96.63888
Grand Prairie,32.74596,-96.99778
Cincinnati,39.12711,-84.51439
Dayton,39.75895,-84.19161
Denton,33.21484,-97.13307
Killeen,31.11712,-97.7278
Laredo,27.50641,-99.50754
McAllen,26.20341,-98.23001
Mesquite,32.7668,-96.59916
Irving,32.81402,-96.94889
Roanoke,37.27097,-79.94143
Newport News,37.08339,-76.46965
Norfolk,36.84681,-76.28522
Virginia Beach,36.85293,-75.97799
Abilene,32.44874,-99.73314
Arlington,32.73569,-97.10807
Beaumont,30.08605,-94.10185
Rockford,42.27113,-89.094
Elgin,42.03725,-88.28119
Evanston,42.04114,-87.69006
Champaign,40.11642,-88.24338
Naperville,41.78586,-88.14729
Peoria,40.69365,-89.58899
Cedar Rapids,42.00833,-91.64407
Davenport,41.52364,-90.57764
New Haven,41.30815,-72.92816
Norwalk,41.1176,-73.4079
Stamford,41.05343,-73.53873
Waterbury,41.55815,-73.0515
Danbury,41.39482,-73.45401
Springfield,42.10148,-72.58981
Cambridge,42.3751,-71.10561
Fall River,41.70149,-71.15505
Lowell,42.63342,-71.31617
Lynn,42.46676,-70.94949
New Bedford,41.63622,-70.93421
Worcester,42.26259,-71.80229
Augusta,44.31062,-69.77949
South Bend,41.68338,-86.25001
Brockton,42.08343,-71.01838
Fort Wayne,41.1306,-85.12886
Gary,41.59337,-87.34643
Hammond,41.58337,-87.50004
Las Cruces,32.31232,-106.77834
Billings,45.78329,-108.50069
Richmond,37.93576,-122.34775
Riverside,33.95335,-117.39616
Eugene,44.05207,-123.08675
Nampa,43.54072,-116.56346
Beaverton,45.48706,-122.80371
Helena,46.59271,-112.03611
Pueblo,38.25445,-104.60914
Arvada,39.80276,-105.08748
Aurora,39.72943,-104.83192
Odessa,31.84568,-102.36764
San Angelo,31.46377,-100.43704
North Las Vegas,36.19886,-115.1175
Reno,39.52963,-119.8138
Sparks,39.53491,-119.75269
Henderson,36.0397,-114.98194
Lubbock,33.57786,-101.85517
Midland,31.99735,-102.07791
Stockton,37.9577,-121.29078
Sunnyvale,37.36883,-122.03635
Temecula,33.49364,-117.14836
Torrance,33.83585,-118.34063
Westminster,39.83665,-105.0372
Vallejo,38.10409,-122.25664
Visalia,36.33023,-119.29206
Pomona,34.05529,-117.75228
Rancho Cucamonga,34.1064,-117.59311
Simi Valley,34.26945,-118.78148
West Covina,34.06862,-117.93895
Whittier,33.97918,-118.03284
Colorado Springs,38.83388,-104.82136
Provo,40.23384,-111.65853
Everett,47.97898,-122.20208
Kent,47.38093,-122.23484
Bellevue,47.61038,-122.20068
Spokane,47.65966,-117.42908
Tacoma,47.25288,-122.44429
Vancouver,45.63873,-122.66149
Renton,47.48288,-122.21707
Greeley,40.42331,-104.70913
Boulder,40.01499,-105.27055
Fort Collins,40.58526,-105.08442
Salinas,36.67774,-121.6555
San Bernardino,34.10834,-117.28977
San Mateo,37.56299,-122.32553
Santa Ana,33.74557,-117.86783
Santa Barbara,34.42083,-119.69819
Santa Clara,37.35411,-121.95524
Santa Clarita,34.39166,-118.54259
Santa Maria,34.95303,-120.43572
Santa Monica,34.01945,-118.49119
Santa Rosa,38.44047,-122.71443
Amarillo,35.222,-101.8313
Mobile,30.69436,-88.04305
Durham,35.99403,-78.89862
Fayetteville,35.05266,-78.87836
Asheville,35.60095,-82.55402
Cary,35.79154,-78.78112
Shreveport,32.52515,-93.75018
Savannah,32.08354,-81.09983
Lafayette,30.22409,-92.01984
Metairie,29.98409,-90.15285
Huntsville,34.7304,-86.58594
Tuscaloosa,33.20984,-87.56917
Fort Smith,35.38592,-94.39855
Independence,39.09112,-94.41551
Jefferson City,38.5767,-92.17352
St. Louis,38.62727,-90.19789
Springfield,37.21533,-93.29824
Greensboro,36.07264,-79.79198
High Point,35.95569,-80.00532
Wilmington,34.22573,-77.94471
Camden,39.92595,-75.11962
Birmingham,33.52066,-86.80249
Orlando,28.53834,-81.37924
Palm Bay,28.03446,-80.58866
Pensacola,30.42131,-87.21691
Pompano Beach,26.23786,-80.12477
St. Petersburg,27.77086,-82.67927
Cape Coral,26.56285,-81.94953
Clearwater,27.96585,-82.8001
Daytona Beach,29.21081,-81.02283
Melbourne,28.08363,-80.60811
Miami Beach,25.79065,-80.13005
Fort Lauderdale,26.12231,-80.14338
Gainesville,29.65163,-82.32483
Columbus,32.46098,-84.98771
Tampa,27.94752,-82.45843
Wilmington,39.74595,-75.54659
Boca Raton,26.35869,-80.0831
Hialeah,25.8576,-80.27811
Hollywood,26.0112,-80.14949
Lakeland,28.03947,-81.9498
West Palm Beach,26.71534,-80.05337
Athens,33.96095,-83.37794
Annapolis,38.97845,-76.49218
Columbia,38.95171,-92.33407
Dover,39.15817,-75.52437
Evansville,37.97476,-87.55585
Lexington,37.98869,-84.47772
Louisville,38.25424,-85.75941
Frankfort,38.20091,-84.87328
Wichita,37.69224,-97.33754
Kansas City,39.11417,-94.62746
Omaha,41.25626,-95.94043
Mesa,33.42227,-111.82264
Chandler,33.30616,-111.84125
Gilbert,33.35283,-111.78903
Glendale,33.53865,-112.18599
Bridgeport,41.17923,-73.18945
Rochester,44.02163,-92.4699
Sterling Heights,42.58031,-83.0302
Troy,42.60559,-83.14993
Portland,43.65737,-70.2589
El Cajon,32.79477,-116.96253
El Monte,34.06862,-118.02757
Escondido,33.11921,-117.08642
Hayward,37.66882,-122.0808
Huntington Beach,33.6603,-117.99923
Inglewood,33.96168,-118.35313
Irvine,33.66946,-117.82311
Modesto,37.6391,-120.99688
Moreno Valley,33.93752,-117.23059
Mountain View,37.38605,-122.08385
Long Beach,33.76696,-118.18923
Oakland,37.80437,-122.2708
Oceanside,33.19587,-117.37948
Ontario,34.06334,-117.65089
Orange,33.78779,-117.85311
Oxnard,34.1975,-119.17705
Palmdale,34.57943,-118.11646
Palo Alto,37.44188,-122.14302
Pasadena,34.14778,-118.14452
Fontana,34.09223,-117.43505
Fremont,37.54827,-121.98857
Fullerton,33.87029,-117.92534
Garden Grove,33.77391,-117.94145
Glendale,34.14251,-118.25508
Lakewood,33.85363,-118.13396
Lancaster,34.69804,-118.13674
Scottsdale,33.50921,-111.89903
Surprise,33.63059,-112.33322
Tempe,33.41477,-111.90931
Chico,39.72849,-121.83748
Chula Vista,32.64005,-117.0842
Compton,33.89585,-118.22007
Concord,37.97798,-122.03107
Corona,33.87529,-117.56644
Peoria,33.5806,-112.23738
Burbank,34.18084,-118.30897
Daly City,37.70577,-122.46192
Downey,33.94001,-118.13257
Yuma,32.72532,-114.6244
Alhambra,34.09529,-118.12701
Anaheim,33.83529,-117.9145
Bakersfield,35.37329,-119.01871
Berkeley,37.87159,-122.27275
Carlsbad,33.15809,-117.35059
Sioux Falls,43.54997,-96.70033
Green Bay,44.51916,-88.01983
Cleveland,41.4995,-81.69541
Toledo,41.66394,-83.55521
Akron,41.08144,-81.51901
Erie,42.12922,-80.08506
Allentown,40.60843,-75.49018
Scranton,41.40916,-75.6649
Pittsburgh,40.44062,-79.99589
Reading,40.33565,-75.92687
Harrisburg,40.2737,-76.88442
Edison,40.51872,-74.4121
Manchester,42.99564,-71.45479
Nashua,42.76537,-71.46757
Concord,43.20814,-71.53757
Jersey City,40.72816,-74.07764
Newark,40.73566,-74.17237
Paterson,40.91677,-74.17181
Fargo,46.87719,-96.7898
Kalamazoo,42.29171,-85.58723
Ann Arbor,42.27756,-83.74088
Dearborn,42.32226,-83.17631
Duluth,46.78327,-92.10658
Minneapolis,44.97997,-93.26384
Flint,43.01253,-83.68746
Grand Rapids,42.96336,-85.66809
Warren,42.49044,-83.01304
Rochester,43.15478,-77.61556
Jamaica,40.69149,-73.80569
Syracuse,43.04812,-76.14742
Yonkers,40.93121,-73.89875
Manhattan,40.78343,-73.96625
Buffalo,42.88645,-78.87837
Fairbanks,64.83778,-147.71639
Jackson,35.61452,-88.81395
Johnson City,36.31344,-82.35347
Kingsport,36.54843,-82.56182
Bryan,30.67436,-96.36996
Mount Pleasant,32.79407,-79.86259
Myrtle Beach,33.68906,-78.88669
North Charleston,32.85462,-79.97481
Rock Hill,34.92487,-81.02508
Aiken,33.56042,-81.71955
Anderson,34.50344,-82.65013
Cookeville,36.16284,-85.50164
Franklin,35.92506,-86.86889
Spartanburg,34.94957,-81.93205
Summerville,33.0185,-80.17565
Florence,34.19543,-79.76256
Greenville,34.85262,-82.39401
Broken Arrow,36.0526,-95.79082
Springfield,39.92423,-83.80882
Stillwater,36.11561,-97.05837
Edmond,35.65283,-97.4781
Enid,36.39559,-97.87839
Hamilton,39.3995,-84.56134
Lawton,34.60869,-98.39033
Carrollton,32.95373,-96.89028
Conroe,30.31188,-95.45605
Nacogdoches,31.60351,-94.65549
New Braunfels,29.703,-98.12445
Blacksburg,37.22957,-80.41394
Victoria,28.80527,-97.0036
Spring,30.07994,-95.41716
Sugar Land,29.61968,-95.63495
Temple,31.09823,-97.34278
Texarkana,33.42513,-94.04769
Charlottesville,38.02931,-78.47668
Ashburn,39.04372,-77.48749
Parkersburg,39.26674,-81.56151
Springfield,38.78928,-77.1872
Sterling,39.00622,-77.4286
Suffolk,36.72836,-76.58496
Morgantown,39.62953,-79.9559
Huntington,38.41925,-82.44515
York,39.9626,-76.72774
Pearland,29.56357,-95.28605
Port Arthur,29.88519,-93.94233
Frisco,33.15067,-96.82361
Galveston,29.30135,-94.7977
Harlingen,26.19063,-97.6961
Lewisville,33.04623,-96.99417
Longview,32.5007,-94.74049
Lufkin,31.33824,-94.7291
Huntsville,30.72353,-95.55078
Leesburg,39.11566,-77.5636
Portsmouth,36.83543,-76.29827
Reston,38.96872,-77.3411
Lynchburg,37.41375,-79.14225
Allen,33.10317,-96.67055
Baytown,29.7355,-94.97743
Toms River,39.95373,-74.19792
Schaumburg,42.03336,-88.08341
Des Plaines,42.03336,-87.8834
Bloomington,40.4842,-88.99369
Carol Stream,41.91253,-88.13479
Cicero,41.84559,-87.75394
Oak Park,41.88503,-87.7845
Palatine,42.1103,-88.03424
Waterloo,42.49276,-92.34296
Arlington Heights,42.08836,-87.98063
Aurora,41.76058,-88.32007
Joliet,41.52519,-88.0834
Waukegan,42.36363,-87.84479
Anderson,40.10532,-85.68025
Sioux City,42.49999,-96.40031
Iowa City,41.66113,-91.53017
Council Bluffs,41.26194,-95.86083
Dubuque,42.50056,-90.66457
New Britain,41.66121,-72.77954
Westport,41.14149,-73.3579
Ames,42.03471,-93.61994
Anniston,33.65983,-85.83163
Auburn,32.60986,-85.48078
East Hartford,41.78232,-72.61203
Somerville,42.3876,-71.0995
Chicopee,42.1487,-72.60787
Framingham,42.27926,-71.41617
Haverhill,42.7762,-71.07728
Lawrence,42.70704,-71.16311
Newton,42.33704,-71.20922
Northampton,42.32509,-72.6412
Pittsfield,42.45008,-73.24538
Quincy,42.25288,-71.00227
Waltham,42.37649,-71.23561
Woburn,42.47926,-71.15228
Muncie,40.19338,-85.38636
Brookline,42.33176,-71.12116
Elkhart,41.68199,-85.97667
Kokomo,40.48643,-86.1336
Lafayette,40.4167,-86.87529
Roswell,33.39437,-104.52491
Hobbs,32.70261,-103.13604
Bozeman,45.67965,-111.03856
Butte,46.00382,-112.53474
Redlands,34.05557,-117.18254
Redwood City,37.48522,-122.23635
Rialto,34.1064,-117.37032
Roseville,38.75212,-121.28801
Great Falls,47.50024,-111.30081
Missoula,46.87215,-113.994
Medford,42.32652,-122.87559
Gresham,45.49818,-122.43148
Hillsboro,45.52289,-122.98983
Redding,40.58654,-122.39168
Pocatello,42.8713,-112.44553
Meridian,43.61211,-116.39151
Idaho Falls,43.46658,-112.03414
Corvallis,44.56457,-123.26204
Bend,44.05817,-121.31531
Pahrump,36.20829,-115.98391
Thousand Oaks,34.17056,-118.83759
Tracy,37.73987,-121.42618
Turlock,37.49466,-120.84659
Tustin,33.74585,-117.82617
Upland,34.09751,-117.64839
Vacaville,38.35658,-121.98774
Van Nuys,34.18667,-118.44897
Ventura,34.27834,-119.29317
Victorville,34.53611,-117.29116
Vista,33.20004,-117.24254
Walnut Creek,37.90631,-122.06496
Pico Rivera,33.98307,-118.09673
Pleasanton,37.66243,-121.87468
South Lake Tahoe,38.93324,-119.98435
Englewood,39.64777,-104.98776
Grand Junction,39.06387,-108.55065
Littleton,39.61332,-105.01665
West Sacramento,38.58046,-121.53023
Westminster,33.75918,-118.00673
Yorba Linda,33.88863,-117.81311
West Jordan,40.60967,-111.9391
Logan,41.73549,-111.83439
Ogden,41.223,-111.97383
Orem,40.2969,-111.69465
Rapid City,44.08054,-103.23101
Federal Way,47.32232,-122.31262
Kennewick,46.21125,-119.13723
Kirkland,47.68149,-122.20874
Lakewood,47.17176,-122.51846
Auburn,47.30732,-122.22845
Bellingham,48.75955,-122.48822
Bremerton,47.56732,-122.63264
Avondale,33.4356,-112.3496
Laramie,41.31137,-105.5911
Casper,42.86663,-106.31308
Yakima,46.60207,-120.5059
Puyallup,47.18538,-122.2929
Redmond,47.67399,-122.12151
Longmont,40.16721,-105.10193
Loveland,40.39776,-105.07498
San Clemente,33.42697,-117.61199
San Leandro,37.72493,-122.15608
San Luis Obispo,35.28275,-120.65962
San Marcos,33.14337,-117.16614
San Pedro,33.73585,-118.29229
San Rafael,37.97353,-122.53109
Santa Cruz,36.97412,-122.0308
Gulfport,30.36742,-89.09282
Hattiesburg,31.32712,-89.29034
Burlington,36.09569,-79.4378
Tupelo,34.25807,-88.70464
Meridian,32.36431,-88.70366
Concord,35.40888,-80.58158
Slidell,30.27519,-89.78117
Rome,34.25704,-85.16467
Roswell,34.02316,-84.36159
Smyrna,33.88399,-84.51438
Monroe,32.50931,-92.1193
Alexandria,31.31129,-92.44514
Bossier City,32.51599,-93.73212
Owensboro,37.77422,-87.11333
Kenner,29.99409,-90.24174
Lake Charles,30.21309,-93.2044
Conway,35.0887,-92.4421
Fayetteville,36.06258,-94.15743
Florence,34.79981,-87.67725
Gadsden,34.01434,-86.00639
Decatur,34.60593,-86.98334
Dothan,31.22323,-85.39049
Jonesboro,35.8423,-90.70428
Marietta,33.9526,-84.54993
Norcross,33.94121,-84.21353
Rockville,39.084,-77.15276
Salisbury,38.36067,-75.59937
Silver Spring,38.99067,-77.02609
Columbus,33.49567,-88.42726
Biloxi,30.39603,-88.88531
Saint Charles,38.78394,-90.48123
Joplin,37.08423,-94.51328
Saint Joseph,39.76861,-94.84663
Rocky Mount,35.93821,-77.79053
New Bern,35.10849,-77.04411
Gastonia,35.26208,-81.1873
Goldsboro,35.38488,-77.99277
Greenville,35.61266,-77.36635
Lee's Summit,38.91084,-94.38217
Atlantic City,39.36415,-74.42306
North Little Rock,34.76954,-92.26709
Rogers,36.33202,-94.11854
Springdale,36.18674,-94.12881
Ormond Beach,29.28581,-81.05589
Palm Coast,29.58497,-81.20784
Palm Harbor,28.07807,-82.76371
Panama City,30.15946,-85.65983
Pembroke Pines,26.00315,-80.22394
Pinellas Park,27.8428,-82.69954
Port Charlotte,26.97617,-82.09064
Port Saint Lucie,27.29393,-80.35033
Cocoa,28.38612,-80.742
Deerfield Beach,26.31841,-80.09977
Delray Beach,26.46146,-80.07282
Deltona,28.90054,-81.26367
Naples,26.14234,-81.79596
New Port Richey,28.24418,-82.71927
North Port,27.04422,-82.23593
Ocala,29.1872,-82.14009
Fort Myers,26.62168,-81.84059
Fort Pierce,27.44671,-80.32561
Carrollton,33.58011,-85.07661
Duluth,34.00288,-84.14464
Gainesville,34.29788,-83.82407
Lawrenceville,33.95621,-83.98796
Macon,32.84069,-83.6324
Sarasota,27.33643,-82.53065
Spring Hill,28.47688,-82.52546
Altamonte Springs,28.66111,-81.36562
Bonita Springs,26.33981,-81.7787
Boynton Beach,26.52535,-80.06643
Bradenton,27.49893,-82.57482
Brandon,27.9378,-82.28592
Homestead,25.46872,-80.47756
Jupiter,26.93422,-80.09421
Kissimmee,28.30468,-81.41667
Lake Worth,26.61708,-80.07231
Largo,27.90979,-82.78842
Lehigh Acres,26.62535,-81.6248
Winter Haven,28.02224,-81.73286
Winter Park,28.6,-81.33924
Albany,31.57851,-84.15574
Alpharetta,34.07538,-84.29409
Augusta,33.47097,-81.97484
Cumberland,39.65287,-78.76252
Frederick,39.41427,-77.41054
Gaithersburg,39.14344,-77.20137
Germantown,39.17316,-77.27165
Glen Burnie,39.16261,-76.62469
Bethesda,38.98067,-77.10026
Bowie,38.94278,-76.73028
Columbia,39.24038,-76.83942
Hagerstown,39.64176,-77.71999
Hyattsville,38.95594,-76.94553
Laurel,39.09928,-76.84831
Waldorf,38.62456,-76.93914
Ballwin,38.59505,-90.54623
Florissant,38.78922,-90.32261
Valdosta,30.83334,-83.28032
Warner Robins,32.61574,-83.62664
Belleville,38.52005,-89.98399
Decatur,39.84031,-88.9548
Bloomington,39.16533,-86.52639
Carmel,39.97837,-86.11804
Newark,39.68372,-75.74966
Jeffersonville,38.27757,-85.73718
Bessemer,33.40178,-86.95444
Covington,39.08367,-84.50855
Bowling Green,36.99032,-86.4436
Lawrence,38.97167,-95.23525
Manhattan,39.18361,-96.57167
Olathe,38.8814,-94.81913
Terre Haute,39.4667,-87.41391
Racine,42.72613,-87.78285
Schenectady,42.81424,-73.93957
Flagstaff,35.19807,-111.65127
Lake Havasu City,34.4839,-114.32245
Bullhead City,35.14778,-114.5683
Casa Grande,32.8795,-111.75735
Oshkosh,44.02471,-88.54261
Bristol,41.67176,-72.94927
Saint Cloud,45.5608,-94.16249
Southfield,42.47337,-83.22187
Bellevue,41.13667,-95.89084
Elk Grove,38.4088,-121.37162
Fairfield,38.24936,-122.03997
Hawthorne,33.9164,-118.35257
Hemet,33.74761,-116.97307
Hesperia,34.42639,-117.30088
Hollywood,34.09834,-118.32674
Indio,33.7207,-116.21677
Manteca,37.79743,-121.21605
Merced,37.30216,-120.48297
Milpitas,37.42827,-121.90662
Mission Viejo,33.60002,-117.672
Monterey,36.60024,-121.89468
Monterey Park,34.06251,-118.12285
Murrieta,33.55391,-117.21392
Napa,38.29714,-122.28553
Newport Beach,33.61891,-117.92895
North Hollywood,34.17223,-118.37897
Northridge,34.22834,-118.53675
Norwalk,33.90224,-118.08173
Novato,38.10742,-122.5697
Livermore,37.68187,-121.76801
Lodi,38.1302,-121.27245
Los Altos,37.38522,-122.11413
Los Gatos,37.22661,-121.97468
Palm Desert,33.72255,-116.37697
Palm Springs,33.8303,-116.54529
Perris,33.78252,-117.22865
Petaluma,38.23242,-122.63665
Folsom,38.67796,-121.17606
Gardena,33.88835,-118.30896
Goleta,34.43583,-119.82764
La Mesa,32.76783,-117.02308
La Puente,34.02001,-117.94951
Lake Elsinore,33.66808,-117.32726
Prescott,34.54002,-112.4685
Sierra Vista,31.55454,-110.30369
Chino,34.01223,-117.68894
Citrus Heights,38.70712,-121.28106
Clovis,36.82523,-119.70292
Costa Mesa,33.64113,-117.91867
Beverly Hills,34.07362,-118.40036
Buena Park,33.86751,-117.99812
Cupertino,37.323,-122.03218
Davis,38.54491,-121.74052
Alameda,37.76521,-122.24164
Antioch,38.00492,-121.80579
Arcadia,34.13973,-118.03534
Bellflower,33.88168,-118.11701
Camarillo,34.21639,-119.0376
Carson,33.83141,-118.28202
Waukesha,43.01168,-88.23148
Burlington,44.47588,-73.21207
Eau Claire,44.81135,-91.49849
Appleton,44.26193,-88.41538
Kenosha,42.58474,-87.82119
La Crosse,43.80136,-91.23958
Warren,41.23756,-80.81842
Canton,40.79895,-81.37845
Kent,41.15367,-81.35789
Lima,40.74255,-84.10523
Lorain,41.45282,-82.18237
Mansfield,40.75839,-82.51545
Easton,40.68843,-75.22073
Youngstown,41.09978,-80.64952
Bethlehem,40.62593,-75.37046
Pawtucket,41.87871,-71.38256
Warwick,41.7001,-71.41617
State College,40.79339,-77.86
Levittown,40.15511,-74.82877
Johnstown,40.32674,-78.92197
Lancaster,40.03788,-76.30551
Cranston,41.77982,-71.43728
Clifton,40.85843,-74.16376
Elizabeth,40.66399,-74.2107
Portsmouth,43.07704,-70.75766
New Brunswick,40.48622,-74.45182
Plainfield,40.63371,-74.40737
Princeton,40.34872,-74.65905
Rochester,43.30453,-70.97562
Astoria,40.77205,-73.93014
Binghamton,42.09869,-75.91797
Grand Forks,47.92526,-97.03285
Holland,42.78752,-86.10893
Battle Creek,42.3173,-85.17816
Novi,42.48059,-83.47549
Pontiac,42.63892,-83.29105
Saginaw,43.41947,-83.95081
Livonia,42.36837,-83.35271
Midland,43.61558,-84.24721
Muskegon,43.23418,-86.24839
Eden Prairie,44.85469,-93.47079
East Lansing,42.73698,-84.48387
Port Washington,40.82566,-73.69819
Rome,43.21285,-75.45573
Ithaca,42.44063,-76.49661
Staten Island,40.56233,-74.13986
Utica,43.1009,-75.23266
White Plains,41.03399,-73.76291
Mount Vernon,40.9126,-73.83708
New Rochelle,40.91149,-73.78235
Niagara Falls,43.0945,-79.05671
The Bronx,40.84985,-73.86641
Harlem,40.80788,-73.94542
Elmhurst,40.73649,-73.87791
Elmira,42.0898,-76.80773
East Harlem,40.79472,-73.9425
Hilo,19.72991,-155.09073
Morristown,36.21398,-83.29489
Oak Ridge,36.01036,-84.26964
Ponca City,36.70698,-97.08559
Hendersonville,36.30477,-86.62
Maryville,35.75647,-83.97046
North Myrtle Beach,33.81601,-78.68002
Bristol,36.59511,-82.18874
Cleveland,35.15952,-84.87661
Germantown,35.08676,-89.81009
Sumter,33.92044,-80.34147
West Columbia,33.99349,-81.07398
Clemson,34.68344,-82.83737
Easley,34.82984,-82.60152
Greenwood,34.1954,-82.16179
Greer,34.93873,-82.22706
Shawnee,35.32729,-96.9253
Muskogee,35.74788,-95.36969
Rowlett,32.9029,-96.56388
San Marcos,29.88327,-97.94139
Cedar Park,30.5052,-97.82029
Bristol,36.59649,-82.18847
Weatherford,32.7593,-97.79725
Harrisonburg,38.44957,-78.86892
Herndon,38.96955,-77.3861
Texas City,29.38385,-94.9027
Fredericksburg,38.30318,-77.46054
Centreville,38.84039,-77.42888
Danville,36.58597,-79.39502
Salem,37.29347,-80.05476
Hamden,41.39593,-72.89677
Manchester,41.77593,-72.52148
Winchester,39.18566,-78.16333
Palestine,31.76212,-95.63079
Pflugerville,30.43937,-97.62
Pharr,26.1948,-98.18362
Euless,32.83707,-97.08195
Flower Mound,33.01457,-97.09696
Gatesville,31.43516,-97.74391
Georgetown,30.63269,-97.67723
Greenville,33.13845,-96.11081
Middletown,39.51506,-84.39828
DeSoto,32.58986,-96.85695
Duncanville,32.6518,-96.90834
Edinburg,26.30174,-98.16334
Katy,29.78579,-95.8244
League City,29.50745,-95.09493
Marshall,32.54487,-94.36742
McKinney,33.19762,-96.61527
Mission,26.21591,-98.32529
Missouri City,29.61857,-95.53772
Humble,29.99883,-95.26216
Bartlesville,36.74731,-95.98082
Petersburg,37.22793,-77.40193
Manassas,38.75095,-77.47527
Merrifield,38.87428,-77.22693
Vienna,38.90122,-77.26526
Bedford,32.84402,-97.14307
Vineland,39.48623,-75.02573
Chester,39.84967,-75.35707
Hanover,39.80066,-76.98304
Rock Island,41.50948,-90.57875
Crystal Lake,42.24113,-88.3162
Bolingbrook,41.69864,-88.0684
Chicago Heights,41.50615,-87.6356
Skokie,42.03336,-87.73339
Urbana,40.11059,-88.20727
Moline,41.5067,-90.51513
Normal,40.5142,-88.99063
Oak Lawn,41.71087,-87.75811
Orland Park,41.63031,-87.85394
West Des Moines,41.57721,-93.71133
Loves Park,42.32002,-89.05816
Melrose Park,41.90059,-87.85673
Cedar Falls,42.52776,-92.44547
Clinton,41.84447,-90.18874
Meriden,41.53815,-72.80704
Middletown,41.56232,-72.65065
Milford,41.22232,-73.0565
New London,41.35565,-72.09952
Norwich,41.52426,-72.07591
Stratford,41.18454,-73.13317
West Haven,41.27065,-72.94705
Athens,34.80243,-86.97219
Revere,42.40843,-71.01199
Sherman,33.63566,-96.60888
Salem,42.51954,-70.89672
Taunton,41.9001,-71.08977
Chelsea,42.39176,-71.03283
Gloucester,42.61405,-70.66313
Holyoke,42.20426,-72.6162
Lexington,42.44732,-71.2245
Medford,42.41843,-71.10616
Peabody,42.52787,-70.92866
Watertown,42.37093,-71.18283
Westfield,42.12509,-72.74954
Bangor,44.80118,-68.77781
Michigan City,41.70754,-86.89503
Mishawaka,41.66199,-86.15862
Valparaiso,41.47309,-87.06114
West Lafayette,40.42587,-86.90807
Amherst,42.36723,-72.51852
Arlington,42.41537,-71.15644
Farmington,36.72806,-108.21869
Alamogordo,32.89953,-105.96027
Redondo Beach,33.84918,-118.38841
Ridgecrest,35.62246,-117.6709
Rocklin,38.79073,-121.23578
Rosemead,34.08057,-118.07285
Springfield,44.04624,-123.02203
Lake Oswego,45.42067,-122.67065
Grants Pass,42.43933,-123.33067
Caldwell,43.66294,-116.68736
Eureka,40.80207,-124.16367
Moscow,46.73239,-117.00017
Post Falls,47.71796,-116.95159
Rexburg,43.82602,-111.78969
Kalispell,48.19579,-114.31291
Minot,48.23251,-101.29627
Brighton,39.98526,-104.82053
Centennial,39.57916,-104.87692
Paradise,36.09719,-115.14666
Spring Valley,36.10803,-115.245
Cedar City,37.67748,-113.06189
Mesquite,36.80553,-114.06719
Parker,39.5186,-104.76136
Thornton,39.86804,-104.97192
Truckee,39.32796,-120.18325
Tulare,36.20773,-119.34734
Twentynine Palms,34.13556,-116.05417
Valencia,34.44361,-118.60953
Walnut,34.02029,-117.86534
Pittsburg,38.02798,-121.88468
Placentia,33.87224,-117.87034
Porterville,36.06523,-119.01677
Poway,32.96282,-117.03586
Rancho Cordova,38.58907,-121.30273
Sherman Oaks,34.15112,-118.44925
South Gate,33.95474,-118.21202
South San Francisco,37.65466,-122.40775
Spring Valley,32.74477,-116.99892
Golden,39.75554,-105.2211
Lakewood,39.70471,-105.08137
Watsonville,36.91023,-121.75689
Woodland,38.67852,-121.7733
Woodland Hills,34.16834,-118.60592
Yuba City,39.14045,-121.61691
Commerce City,39.80832,-104.93387
South Jordan,40.56217,-111.92966
West Valley City,40.69161,-112.00105
Layton,41.06022,-111.97105
Bountiful,40.88939,-111.88077
Clearfield,41.11078,-112.02605
Marysville,48.05176,-122.17708
Pasco,46.23958,-119.10057
Issaquah,47.5301,-122.03262
Lacey,47.03426,-122.82319
Lynnwood,47.82093,-122.31513
Edmonds,47.81065,-122.37736
Bothell,47.76232,-122.2054
Gillette,44.29109,-105.50222
Pullman,46.73127,-117.17962
Richland,46.28569,-119.28446
Kahului,20.88953,-156.47432
Saint George,37.10415,-113.58412
Del Rio,29.36273,-100.89676
San Gabriel,34.09611,-118.10583
San Jacinto,33.78391,-116.95864
San Juan Capistrano,33.50169,-117.66255
San Ramon,37.77993,-121.97802
Santa Paula,34.35417,-119.05927
Santee,32.83838,-116.97392
Saratoga,37.26383,-122.02301
Sunrise Manor,36.21108,-115.07306
Natchez,31.56017,-91.40329
Pascagoula,30.36576,-88.55613
Greenville,33.40898,-91.05978
Southaven,34.98898,-90.01259
Vicksburg,32.35265,-90.87788
Laurel,31.69405,-89.13061
Madison,32.46181,-90.11536
Apex,35.73265,-78.85029
Chapel Hill,35.9132,-79.05584
Sulphur,30.23659,-93.37738
Sandy Springs,33.92427,-84.37854
New Iberia,30.00354,-91.81873
Hammond,30.50463,-90.46293
Houma,29.59577,-90.71953
Newport,39.09145,-84.49578
Madison,34.69926,-86.74833
Enterprise,31.31517,-85.85522
Bella Vista,36.4807,-94.27134
Benton,34.56454,-92.58683
Bentonville,36.37285,-94.20882
Hoover,33.40539,-86.81138
Cullman,34.17482,-86.84361
Jacksonville,34.8662,-92.11015
Selma,32.40736,-87.0211
Newnan,33.38067,-84.79966
Clinton,32.34153,-90.32176
Salisbury,35.67097,-80.47423
Sanford,35.47988,-79.1803
Monroe,34.98543,-80.54951
Lexington,35.82403,-80.25338
Matthews,35.11681,-80.72368
Statesville,35.78264,-80.8873
Thomasville,35.88264,-80.08199
Huntersville,35.41069,-80.84285
Jacksonville,34.75405,-77.43024
Kannapolis,35.48736,-80.62173
Kinston,35.26266,-77.58164
Hickory,35.73319,-81.3412
Wilson,35.72127,-77.91554
Winston-Salem,36.09986,-80.24422
Northport,33.22901,-87.57723
Opelika,32.64541,-85.37828
Phenix City,32.47098,-85.00077
Prattville,32.46402,-86.4597
Pine Bluff,34.22843,-92.0032
Russellville,35.27842,-93.13379
West Memphis,35.14648,-90.18454
Oviedo,28.67,-81.20812
Plant City,28.01888,-82.11469
Punta Gorda,26.92978,-82.04537
Saint Cloud,28.2489,-81.28118
Casselberry,28.67778,-81.32785
Clermont,28.54944,-81.77285
Coral Springs,26.27119,-80.2706
Davie,26.06287,-80.2331
Miami Gardens,25.94204,-80.2456
Miramar,25.98731,-80.23227
New Smyrna Beach,29.02582,-80.927
Fort Walton Beach,30.42059,-86.61707
Brunswick,31.14995,-81.49149
Douglasville,33.7515,-84.74771
Kennesaw,34.02343,-84.61549
Dalton,34.7698,-84.97022
Decatur,33.77483,-84.29631
Sanford,28.80055,-81.27312
Seminole,27.83975,-82.79121
Stuart,27.19755,-80.25283
Titusville,28.61222,-80.80755
Venice,27.09978,-82.45426
Vero Beach,27.63864,-80.39727
Apopka,28.67617,-81.51186
Key West,24.55524,-81.78163
Leesburg,28.81082,-81.87786
Winter Garden,28.56528,-81.58618
Olney,39.15316,-77.06692
Potomac,39.01817,-77.20859
Ellicott City,39.26733,-76.79831
Greenbelt,39.00455,-76.87553
College Park,38.98067,-76.93692
Blue Springs,39.01695,-94.28161
Cape Girardeau,37.30588,-89.51815
Towson,39.4015,-76.60191
Chesterfield,38.66311,-90.57707
Statesboro,32.44879,-81.78317
Thomasville,30.83658,-83.97878
Quincy,39.9356,-91.40987
Carbondale,37.72727,-89.21675
East Saint Louis,38.6245,-90.15094
Columbus,39.20144,-85.92138
Fishers,39.95559,-86.01387
Greenwood,39.61366,-86.10665
Overland Park,38.98223,-94.67079
Florence,38.99895,-84.62661
Ashland,38.47841,-82.63794
Sheboygan,43.75083,-87.71453
Douglas,31.34455,-109.54534
Kingman,35.18944,-114.05301
Maricopa,33.05811,-112.04764
Buckeye,33.37032,-112.58378
Goodyear,33.43532,-112.35821
New Berlin,42.9764,-88.10842
Cheshire,41.49899,-72.90066
Lewiston,44.10035,-70.21478
Traverse City,44.76306,-85.62063
Kearney,40.69946,-99.08148
East Los Angeles,34.0239,-118.17202
Encinitas,33.03699,-117.29198
Encino,34.15917,-118.50119
Hanford,36.32745,-119.64568
Huntington Park,33.98168,-118.22507
Imperial Beach,32.58394,-117.11308
Manhattan Beach,33.88474,-118.41091
Menifee,33.72835,-117.14642
Menlo Park,37.45383,-122.18219
Monrovia,34.14806,-117.99895
Montebello,34.00946,-118.10535
Moorpark,34.28556,-118.88204
Moraga,37.83493,-122.12969
National City,32.67811,-117.0992
Lemon Grove,32.74255,-117.03142
Lemoore,36.30078,-119.78291
Loma Linda,34.04835,-117.26115
Lompoc,34.63915,-120.45794
Lynwood,33.93029,-118.21146
Madera,36.96134,-120.06072
Paradise,39.75961,-121.62192
Fountain Valley,33.70918,-117.95367
Gilroy,37.00578,-121.56828
Glendora,34.13612,-117.86534
La Habra,33.93196,-117.94617
La Jolla,32.84727,-117.2742
La Mirada,33.91724,-118.01201
Laguna Niguel,33.52253,-117.70755
Lake Forest,33.64697,-117.68922
Sun City,33.59754,-112.27182
Colton,34.0739,-117.31365
Covina,34.09001,-117.89034
Nogales,31.34038,-110.93425
Brea,33.91668,-117.90006
Brentwood,37.93187,-121.69579
Burlingame,37.5841,-122.36608
Culver City,34.02112,-118.39647
Danville,37.82159,-121.99996
Delano,35.76884,-119.24705
Desert Hot Springs,33.96173,-116.50353
Dublin,37.70215,-121.93579
Aliso Viejo,33.56504,-117.72712
Apple Valley,34.50083,-117.18588
Baldwin Park,34.08529,-117.9609
Barstow,34.89859,-117.02282
Calexico,32.67895,-115.49888
Campbell,37.28717,-121.94996
Canoga Park,34.20112,-118.59814
Carmichael,38.61713,-121.32828
Castro Valley,37.6941,-122.08635
Cathedral City,33.77974,-116.46529
Wausau,44.95914,-89.63012
Fond du Lac,43.775,-88.43883
Beloit,42.50835,-89.03178
Janesville,42.68279,-89.01872
Brookfield,43.06057,-88.10648
Cuyahoga Falls,41.13394,-81.48456
Dublin,40.09923,-83.11408
Elyria,41.36838,-82.10765
Euclid,41.5931,-81.52679
Newark,40.05812,-82.40126
Parma,41.40477,-81.72291
Union City,40.77955,-74.02375
Lakewood,41.48199,-81.79819
Massillon,40.79672,-81.52151
Altoona,40.51868,-78.39474
Newport,41.4901,-71.31283
New Castle,41.00367,-80.34701
Norristown,40.1215,-75.3399
Wayne,40.044,-75.38769
Williamsport,41.24119,-77.00108
Bayonne,40.66871,-74.11431
East Orange,40.76732,-74.20487
Hoboken,40.74399,-74.03236
Dover,43.19786,-70.87367
Lakewood,40.09789,-74.21764
Paramus,40.94454,-74.07542
Passaic,40.85677,-74.12848
Perth Amboy,40.50677,-74.26542
Auburn,42.93173,-76.56605
Bayside,40.76844,-73.77708
Jackson,42.24587,-84.40135
Bay City,43.59447,-83.88886
Portage,42.20115,-85.58
Royal Oak,42.48948,-83.14465
Mount Pleasant,43.59781,-84.76751
Burton,42.99947,-83.61634
Dearborn Heights,42.33698,-83.27326
Inver Grove Heights,44.84802,-93.04272
Lakeville,44.64969,-93.24272
Minnetonka,44.9133,-93.50329
Moorhead,46.87386,-96.76951
Bloomington,44.8408,-93.29828
Brooklyn Park,45.09413,-93.35634
Burnsville,44.76774,-93.27772
Waterford,42.69303,-83.41181
Westland,42.3242,-83.40021
Poughkeepsie,41.70037,-73.92097
Queens Village,40.72677,-73.74152
Hempstead,40.70621,-73.61874
Hicksville,40.76843,-73.52513
Jamestown,42.097,-79.23533
Troy,42.72841,-73.69179
Uniondale,40.70038,-73.59291
Valley Stream,40.66427,-73.70846
Newburgh,41.50343,-74.01042
Bushwick,40.69427,-73.91875
Corona,40.74705,-73.86014
Far Rockaway,40.60538,-73.75513
Hot Springs National Park,34.5317,-93.06377
Waipahu,21.38667,-158.00917
Johns Creek,34.02893,-84.19858
Cutler Bay,25.5783,-80.3377
Alafaya,28.5641,-81.2114
San Tan Valley,33.1911,-111.528
Braintree,42.20384,-71.00215
Arden-Arcade,38.6025,-121.37854
Fort Bragg,35.139,-79.00603
Mount Juliet,36.20005,-86.51861
Owasso,36.26954,-95.85471
Sevierville,35.86815,-83.56184
Shelbyville,35.48341,-86.46027
Smyrna,35.98284,-86.5186
La Vergne,36.01562,-86.58194
Lebanon,36.20811,-86.2911
Burleson,32.54208,-97.32085
Lexington,33.98154,-81.23621
Mauldin,34.77873,-82.31012
North Augusta,33.5018,-81.96512
Brentwood,36.03312,-86.78278
Simpsonville,34.73706,-82.25428
Collierville,35.04204,-89.66453
Columbia,35.61507,-87.03528
Greeneville,36.16316,-82.83099
Bartlett,35.20453,-89.87398
Dickson,36.077,-87.38779
Conway,33.836,-79.04781
Goose Creek,32.98101,-80.03259
Duncan,34.5023,-97.95781
Reynoldsburg,39.95479,-82.81212
Hilton Head Island,32.19382,-80.73816
Hilton Head,32.21632,-80.75261
Grove City,39.88145,-83.09296
Kettering,39.6895,-84.16883
McAlester,34.93343,-95.76971
Midwest City,35.44951,-97.3967
Moore,35.33951,-97.4867
Rosenberg,29.55718,-95.80856
Cedar Hill,32.58847,-96.95612
Cleburne,32.34764,-97.38668
Colleyville,32.88096,-97.15501
Copperas Cove,31.12406,-97.90308
Corsicana,32.09543,-96.46887
North Richland Hills,32.8343,-97.2289
Orange,30.09299,-93.73655
Burke,38.79345,-77.27165
Uvalde,29.20968,-99.78617
Waxahachie,32.38653,-96.84833
Weslaco,26.15952,-97.99084
Stafford,29.61607,-95.55772
Terrell,32.73596,-96.27526
The Colony,33.08901,-96.88639
The Woodlands,30.15799,-95.48938
Fairfax,38.84622,-77.30637
Chantilly,38.89428,-77.4311
Chester,37.35682,-77.44165
Staunton,38.14991,-79.0732
Martinsburg,39.45621,-77.96389
Fairmont,39.48508,-80.14258
Enfield,41.97621,-72.59176
Fairfield,41.14121,-73.26373
Farmington,41.71982,-72.83204
Williamsburg,37.2707,-76.70746
West Chester,39.96097,-75.60804
Paris,33.66094,-95.55551
Ennis,32.32931,-96.62527
Friendswood,29.5294,-95.20104
Grapevine,32.93429,-97.07807
Haltom City,32.79957,-97.26918
Mason,39.36006,-84.30994
Miamisburg,39.64284,-84.28661
Fairborn,39.82089,-84.01938
Cypress,29.96911,-95.69717
Deer Park,29.70523,-95.12382
Denison,33.75566,-96.53666
Keller,32.93457,-97.25168
Kingsville,27.51587,-97.85611
La Porte,29.66578,-95.01937
Lake Jackson,29.03386,-95.43439
Lancaster,32.59208,-96.75611
Leander,30.57881,-97.85307
Little Elm,33.16262,-96.93751
Mansfield,32.56319,-97.14168
Hurst,32.82346,-97.17057
Zanesville,39.94035,-82.01319
Ardmore,34.17426,-97.14363
Beckley,37.77817,-81.18816
Radford,37.13179,-80.57645
Mechanicsville,37.60876,-77.37331
Clarksburg,39.28065,-80.34453
Alief,29.71106,-95.59633
Alvin,29.42385,-95.2441
Bellaire,29.70579,-95.45883
Millville,39.40206,-75.03934
Athens,39.32924,-82.10126
Yukon,35.50672,-97.76254
Romeoville,41.64753,-88.08951
Saint Charles,41.91419,-88.30869
Galesburg,40.94782,-90.37124
Glen Ellyn,41.87753,-88.06701
Glenview,42.06975,-87.78784
Gurnee,42.3703,-87.90202
Harvey,41.61003,-87.64671
Highland Park,42.18169,-87.80034
Hoffman Estates,42.04281,-88.0798
Danville,40.12448,-87.63002
DeKalb,41.92947,-88.75036
Downers Grove,41.80892,-88.01117
Elk Grove Village,42.00392,-87.97035
Elmhurst,41.89947,-87.94034
Bloomingdale,41.95753,-88.0809
Burbank,41.73392,-87.7795
Calumet City,41.61559,-87.52949
Tinley Park,41.57337,-87.78449
Mount Prospect,42.06642,-87.93729
Mundelein,42.26308,-88.00397
North Chicago,42.32558,-87.84118
Northbrook,42.12753,-87.82895
Oak Forest,41.60281,-87.74394
Oswego,41.68281,-88.35146
Park Ridge,42.01114,-87.84062
Pekin,40.56754,-89.64066
Plainfield,41.62697,-88.20395
Addison,41.9317,-87.98896
Bartlett,41.99503,-88.18563
Batavia,41.85003,-88.31257
Berwyn,41.85059,-87.79367
Kankakee,41.12003,-87.86115
Lansing,41.56476,-87.53893
Lockport,41.58948,-88.05784
Lombard,41.88003,-88.00784
Maywood,41.8792,-87.84312
McHenry,42.33335,-88.26675
West Chicago,41.88475,-88.20396
Wheaton,41.86614,-88.10701
Wilmette,42.07225,-87.72284
Zion,42.44613,-87.83285
Urbandale,41.62666,-93.71217
Marshalltown,42.04943,-92.90798
Mason City,43.15357,-93.20104
Ankeny,41.72971,-93.60577
Bettendorf,41.52448,-90.51569
Burlington,40.80754,-91.11292
Naugatuck,41.48593,-73.05066
Newington,41.69788,-72.72371
North Stamford,41.13815,-73.54346
Shelton,41.31649,-73.09316
Torrington,41.80065,-73.12122
Trumbull,41.24287,-73.20067
Wallingford,41.45704,-72.82316
West Hartford,41.76204,-72.74204
Wethersfield,41.71427,-72.65259
Willimantic,41.71065,-72.20813
Windsor,41.8526,-72.6437
Sherwood,34.81509,-92.22432
Alabaster,33.24428,-86.81638
Albertville,34.26783,-86.20878
Seguin,29.56884,-97.96473
Saugus,42.46482,-71.01005
Shrewsbury,42.29593,-71.71285
Somerset,41.76955,-71.12866
South Boston,42.33343,-71.04949
Burlington,42.50482,-71.19561
Danvers,42.57509,-70.93005
Dedham,42.24177,-71.16616
Everett,42.40843,-71.05366
Fitchburg,42.58342,-71.8023
Franklin,42.08343,-71.39673
Leominster,42.52509,-71.75979
Longmeadow,42.0501,-72.58287
Malden,42.4251,-71.06616
Marlborough,42.34593,-71.55229
Melrose,42.45843,-71.06616
Methuen,42.7262,-71.19089
Middleborough,41.89316,-70.91115
Milford,42.13982,-71.51617
Milton,42.24954,-71.06616
Natick,42.28343,-71.3495
Newburyport,42.81259,-70.87728
Norwood,42.19454,-71.1995
Randolph,42.1626,-71.04116
Wellesley,42.29649,-71.29256
West Springfield,42.10704,-72.62037
Weymouth,42.22093,-70.93977
Auburn,44.09785,-70.23117
Merrillville,41.48281,-87.33281
Noblesville,40.04559,-86.0086
Westfield,40.04282,-86.12749
Abington,42.10482,-70.94532
Agawam,42.06954,-72.61481
Attleboro,41.94454,-71.28561
Beverly,42.55843,-70.88005
Billerica,42.55843,-71.26895
Crown Point,41.41698,-87.36531
East Chicago,41.6392,-87.45476
Goshen,41.58227,-85.83444
Hobart,41.53226,-87.25504
Marion,40.55837,-85.65914
Rio Rancho,35.23338,-106.66447
Gallup,35.52808,-108.74258
Carlsbad,32.42067,-104.22884
Clovis,34.4048,-103.20523
Twin Falls,42.56297,-114.46087
Reedley,36.59634,-119.4504
Ripon,37.74159,-121.12438
Rohnert Park,38.33964,-122.7011
Newberg,45.30012,-122.97316
Tigard,45.43123,-122.77149
Tualatin,45.38401,-122.76399
Keizer,44.99012,-123.02621
Klamath Falls,42.22487,-121.78167
Oregon City,45.35734,-122.60676
Redmond,44.27262,-121.17392
West Linn,45.36568,-122.61231
Woodburn,45.14373,-122.85537
Coeur d'Alene,47.67768,-116.78047
Susanville,40.41628,-120.65301
Kuna,43.49183,-116.42012
Lewiston,46.41655,-117.01766
Eagle,43.69544,-116.35401
Coos Bay,43.3665,-124.21789
North Platte,41.12389,-100.76542
Albany,44.63651,-123.10593
Ashland,42.19458,-122.70948
Elko,40.83242,-115.76312
Williston,48.14697,-103.61797
Dickinson,46.87918,-102.78962
Castle Rock,39.37221,-104.85609
Pampa,35.53616,-100.95987
Boulder City,35.97859,-114.83249
Enterprise,36.02525,-115.24194
Temple City,34.10723,-118.05785
Montrose,38.47832,-107.87617
Wheat Ridge,39.7661,-105.07721
Union City,37.59577,-122.01913
Universal City,34.1389,-118.35341
Venice,33.99084,-118.46008
Pinole,38.00437,-122.29886
Port Hueneme,34.14778,-119.19511
Rancho Palos Verdes,33.74446,-118.38702
Rancho Santa Margarita,33.64086,-117.6031
Soledad,36.42469,-121.32632
South Pasadena,34.11612,-118.15035
Stanton,33.80252,-117.99312
Fountain,38.68222,-104.70081
Highlands Ranch,39.55388,-104.96943
Lafayette,39.9936,-105.08971
West Hollywood,34.09001,-118.36174
Wildomar,33.59891,-117.28004
Windsor,38.54713,-122.81638
Yucaipa,34.03363,-117.04309
Yucca Valley,34.11417,-116.43224
Durango,37.27528,-107.88007
Riverton,40.52189,-111.9391
Roy,41.16161,-112.02633
Saratoga Springs,40.34912,-111.90466
Spanish Fork,40.11496,-111.65492
Springville,40.16523,-111.61075
Syracuse,41.08939,-112.06467
Taylorsville,40.66772,-111.93883
Aberdeen,46.97537,-123.81572
Herriman,40.51411,-112.03299
Kaysville,41.03522,-111.93855
Lehi,40.39162,-111.85077
Midvale,40.61106,-111.89994
Pleasant Grove,40.36412,-111.73854
Draper,40.52467,-111.86382
Maple Valley,47.39272,-122.04641
Mercer Island,47.57065,-122.22207
Monroe,47.85538,-121.97096
Mount Vernon,48.42122,-122.33405
Mukilteo,47.94454,-122.30458
Oak Harbor,48.29316,-122.64322
Lake Stevens,48.0151,-122.06374
Longview,46.13817,-122.93817
Centralia,46.71621,-122.9543
Anacortes,48.5126,-122.61267
Arlington,48.19871,-122.12514
Battle Ground,45.78095,-122.53343
Burien,47.47038,-122.34679
Alhambra,33.49838,-112.13432
Ahwatukee Foothills,33.34171,-111.98403
Rock Springs,41.58746,-109.2029
American Fork,40.3769,-111.79576
Spokane Valley,47.67323,-117.23937
Sunnyside,46.32374,-120.00865
University Place,47.23565,-122.5504
Walla Walla,46.06458,-118.34302
Washougal,45.58262,-122.35342
Wenatchee,47.42346,-120.31035
Port Angeles,48.11815,-123.43074
Sammamish,47.64177,-122.0804
Shoreline,47.75565,-122.34152
Kailua,21.40241,-157.74054
Wasco,35.59412,-119.34095
Windsor,40.47748,-104.90136
Eagle Pass,28.70914,-100.49952
Dodge City,37.7528,-100.01708
Liberal,37.04308,-100.921
San Carlos,37.50716,-122.26052
San Dimas,34.10668,-117.80673
San Fernando,34.28195,-118.43897
San Pablo,37.96215,-122.34553
Santa Fe Springs,33.94724,-118.08535
Seal Beach,33.74141,-118.10479
Seaside,36.61107,-121.85162
Big Spring,32.2504,-101.47874
Arcata,40.86652,-124.08284
Ridgeland,32.42848,-90.13231
Ocean Springs,30.41131,-88.82781
Olive Branch,34.96176,-89.82953
Pearl,32.27459,-90.13203
Greenwood,33.51623,-90.17953
Starkville,33.45049,-88.81961
Eden,36.48847,-79.7667
Elizabeth City,36.2946,-76.25105
Asheboro,35.70791,-79.81364
Clayton,35.65071,-78.45639
Ruston,32.52321,-92.63793
Riverdale,33.57261,-84.41326
St. Marys,30.73051,-81.54649
Snellville,33.85733,-84.01991
Natchitoches,31.76072,-93.08627
Gretna,29.91465,-90.05396
Radcliff,37.84035,-85.94913
Richmond,37.74786,-84.29465
Meads,38.41258,-82.70905
Nicholasville,37.88063,-84.573
Winchester,37.99008,-84.17965
Marrero,29.89937,-90.10035
El Dorado,33.20763,-92.66627
Fairhope,30.52297,-87.90333
Foley,30.40659,-87.6836
Cabot,34.97453,-92.01653
Helena,33.29622,-86.8436
Talladega,33.43594,-86.1058
Troy,31.80877,-85.96995
Milledgeville,33.08014,-83.2321
Reisterstown,39.46976,-76.8319
Severn,39.13705,-76.6983
Suitland,38.84872,-76.92386
Takoma Park,38.97789,-77.00748
Brandon,32.2732,-89.98592
Poplar Bluff,36.757,-90.39289
Rolla,37.95143,-91.77127
Hannibal,39.70838,-91.35848
Hazelwood,38.77144,-90.37095
Wentzville,38.81144,-90.85291
Shelby,35.29235,-81.53565
Mooresville,35.58486,-80.81007
Morganton,35.74541,-81.68482
Lumberton,34.61834,-79.01045
Wake Forest,35.97987,-78.50972
Kernersville,36.11986,-80.07365
Garner,35.71126,-78.61417
Henderson,36.32959,-78.39916
Liberty,39.24611,-94.41912
Maryland Heights,38.71311,-90.42984
Bridgeton,39.42734,-75.23408
Cherry Hill,39.93484,-75.03073
Oxford,33.61427,-85.83496
Pelham,33.28567,-86.80999
Paragould,36.0584,-90.49733
Searcy,35.25064,-91.73625
Siloam Springs,36.18814,-94.5405
Texarkana,33.44179,-94.03769
Van Buren,35.43676,-94.34827
Palm Beach Gardens,26.82339,-80.13865
Plantation,26.13421,-80.23184
Ponte Vedra Beach,30.23969,-81.38564
Port Orange,29.13832,-80.99561
Riverview,27.86614,-82.32648
Rockledge,28.35084,-80.72533
Ruskin,27.72086,-82.43315
Coconut Creek,26.25175,-80.17894
Coral Gables,25.72149,-80.26838
Dunedin,28.0199,-82.77323
Lutz,28.15112,-82.46148
Maitland,28.62778,-81.36312
Marco Island,25.94121,-81.71842
Margate,26.24453,-80.20644
North Fort Myers,26.66729,-81.88009
North Miami,25.89009,-80.18671
North Miami Beach,25.93315,-80.16255
Ocoee,28.56917,-81.54396
Eustis,28.85277,-81.68535
Haines City,28.1145,-81.62009
Peachtree City,33.39678,-84.59576
Brookhaven,33.85844,-84.3402
Calhoun,34.50259,-84.95105
Canton,34.23676,-84.49076
Evans,33.53375,-82.13067
Forest Park,33.62205,-84.36909
Griffin,33.24678,-84.26409
Hinesville,31.84688,-81.59595
Conyers,33.66761,-84.01769
Sebastian,27.81641,-80.47061
Tamarac,26.21286,-80.24977
Tarpon Springs,28.14612,-82.75677
The Villages,28.93408,-81.95994
Town 'n' Country,28.01057,-82.57732
Valrico,27.93789,-82.23644
Holiday,28.18779,-82.73955
Immokalee,26.41869,-81.4173
Jacksonville Beach,30.29469,-81.39314
Kendall,25.67927,-80.31727
Lake Mary,28.75888,-81.31784
Lake Wales,27.90141,-81.58591
Wellington,26.65868,-80.24144
Weston,26.10037,-80.39977
Winter Springs,28.69889,-81.30812
Acworth,34.06635,-84.67837
Aberdeen,39.50956,-76.16412
Aspen Hill,39.07955,-77.07303
Oxon Hill,38.80345,-76.9897
Pikesville,39.37427,-76.72247
Dundalk,39.25066,-76.52052
Elkton,39.60678,-75.83327
Elkridge,39.21261,-76.71358
Essex,39.30927,-76.47496
Fort Washington,38.70734,-77.02303
Beltsville,39.03483,-76.90747
Catonsville,39.27205,-76.73192
Clinton,38.76511,-76.89831
Westminster,39.57538,-76.99581
Stockbridge,33.54428,-84.23381
Tucker,33.85455,-84.21714
Woodstock,34.10149,-84.51938
Alton,38.8906,-90.18428
Granite City,38.70144,-90.14872
Middletown,39.44956,-75.71632
Jasper,38.39144,-86.93111
Paducah,37.08339,-88.60005
Hopkinsville,36.86561,-87.49117
Independence,38.94312,-84.54411
Ironville,38.45647,-82.69238
Lexington-Fayette,38.0498,-84.45855
Danville,37.64563,-84.77217
Pittsburg,37.41088,-94.70496
Salina,38.84028,-97.61142
Shawnee,39.04167,-94.72024
Plainfield,39.70421,-86.39944
Richmond,39.82894,-84.89024
Elizabethtown,37.69395,-85.85913
Erlanger,39.01673,-84.60078
Georgetown,38.2098,-84.55883
Henderson,37.83615,-87.59001
Hutchinson,38.06084,-97.92977
Leavenworth,39.31111,-94.92246
Norfolk,42.02834,-97.417
Saratoga Springs,43.08313,-73.78457
Shirley,40.80149,-72.8676
Deer Valley,33.68393,-112.13488
El Mirage,33.61309,-112.3246
Eloy,32.7559,-111.55484
Florence,33.03145,-111.38734
Maryvale,33.50199,-112.17765
Casas Adobes,32.32341,-110.9951
Green Valley,31.85425,-110.9937
Stevens Point,44.52358,-89.57456
Sun Prairie,43.1836,-89.21373
Superior,46.72077,-92.10408
Neenah,44.18582,-88.46261
Oak Creek,42.88585,-87.86314
Ansonia,41.34621,-73.079
Fillmore,34.39916,-118.91815
Saco,43.50092,-70.44283
South Portland,43.64147,-70.24088
Biddeford,43.49258,-70.45338
Brunswick,43.91452,-69.96533
Roseville,45.00608,-93.15661
Savage,44.77913,-93.33634
Shakopee,44.79802,-93.5269
Southgate,42.21393,-83.19381
Saint Clair Shores,42.49698,-82.88881
Taylor,42.24087,-83.26965
Trenton,42.13949,-83.17826
West Fargo,46.87497,-96.90036
Hastings,40.58612,-98.38839
Stillwater,45.05636,-92.80604
Sandusky,41.44894,-82.70796
Steubenville,40.36979,-80.63396
East Palo Alto,37.46883,-122.14108
El Centro,32.792,-115.56305
Fair Oaks,38.64463,-121.27217
Fallbrook,33.37642,-117.25115
Greenfield,36.3208,-121.24381
Hacienda Heights,33.99307,-117.96868
Hercules,38.01714,-122.28858
Highland,34.12834,-117.20865
Hollister,36.85245,-121.4016
Martinez,38.01937,-122.13413
Maywood,33.98668,-118.18535
Montclair,34.07751,-117.68978
Morgan Hill,37.1305,-121.65439
Newark,37.52966,-122.04024
Norco,33.93113,-117.54866
Lincoln,38.89156,-121.29301
Los Banos,37.05828,-120.84992
Oakley,37.99742,-121.71245
Orinda,37.87715,-122.17969
Oroville,39.51394,-121.55776
Pacifica,37.61383,-122.48692
Paramount,33.88946,-118.15979
Paso Robles,35.62664,-120.691
Foster City,37.55855,-122.27108
Galt,38.25464,-121.29995
La Quinta,33.66336,-116.31001
La Verne,34.10084,-117.76784
Lafayette,37.88576,-122.11802
Laguna Beach,33.54225,-117.78311
Laguna Hills,33.61252,-117.71283
Lathrop,37.8227,-121.27661
Lawndale,33.88724,-118.35257
Prescott Valley,34.61002,-112.31572
Queen Creek,33.24866,-111.6343
Sahuarita,31.95758,-110.95565
San Luis,32.487,-114.78218
Chinatown,37.7966,-122.40858
Chino Hills,33.9938,-117.75888
Claremont,34.09668,-117.71978
Coachella,33.6803,-116.17389
Coalinga,36.13968,-120.36015
Coronado,32.68589,-117.18309
Payson,34.23087,-111.32514
Blythe,33.6103,-114.59635
Brawley,32.97866,-115.53027
Cypress,33.81696,-118.03729
Dana Point,33.46697,-117.69811
Diamond Bar,34.02862,-117.81034
Dixon,38.44546,-121.8233
Duarte,34.13945,-117.97729
Adelanto,34.58277,-117.40922
Albany,37.88687,-122.29775
Altadena,34.18973,-118.13118
Artesia,33.86585,-118.08312
Atascadero,35.48942,-120.67073
Atwater,37.34772,-120.60908
Azusa,34.13362,-117.90756
Banning,33.92557,-116.87641
Beaumont,33.92946,-116.97725
Bell,33.97751,-118.18702
Belmont,37.52021,-122.2758
Benicia,38.04937,-122.15858
Ceres,37.59493,-120.95771
Cerritos,33.85835,-118.06479
West Bend,43.42528,-88.18343
Wisconsin Rapids,44.38358,-89.81735
Wheeling,40.06396,-80.72091
Columbus,41.42973,-97.36838
Fremont,41.43333,-96.49808
Rutland,43.61062,-72.97261
South Burlington,44.46699,-73.17096
Colchester,44.54394,-73.14791
Franklin,42.88863,-88.03842
Manitowoc,44.08861,-87.65758
Marshfield,44.66885,-90.1718
Menomonee Falls,43.1789,-88.11731
Menomonie,44.87552,-91.91934
Woonsocket,42.00288,-71.51478
Aberdeen,45.4647,-98.48648
Brookings,44.31136,-96.79839
Defiance,41.28449,-84.35578
Eastlake,41.65394,-81.45039
Findlay,41.04422,-83.64993
Hudson,41.24006,-81.44067
Niles,41.18284,-80.76536
North Olmsted,41.4156,-81.92347
North Ridgeville,41.38949,-82.01903
North Royalton,41.31366,-81.72457
Perrysburg,41.557,-83.62716
Piqua,40.14477,-84.24244
Rahway,40.60816,-74.27765
Ridgewood,40.97926,-74.11653
Sayreville,40.45927,-74.36098
Secaucus,40.78955,-74.05653
Summit,40.71562,-74.36468
West New York,40.78788,-74.01431
Westfield,40.65899,-74.34737
Stow,41.1595,-81.44039
Strongsville,41.3145,-81.83569
Troy,40.0395,-84.20328
Twinsburg,41.31256,-81.44011
Wadsworth,41.02561,-81.72985
Westerville,40.12617,-82.92907
Westlake,41.45532,-81.91792
Willoughby,41.63977,-81.4065
Alliance,40.91534,-81.10593
Ashtabula,41.86505,-80.78981
Aurora,41.31755,-81.34539
Barberton,41.01283,-81.60512
Bay Village,41.48477,-81.92208
Bowling Green,41.37477,-83.65132
Brunswick,41.23811,-81.8418
Marion,40.58867,-83.12852
Marysville,40.23645,-83.36714
Medina,41.13839,-81.86375
Mentor,41.66616,-81.33955
East Providence,41.81371,-71.37005
North Kingstown,41.5501,-71.46617
Westerly,41.3776,-71.82729
Lebanon,40.34093,-76.41135
Monroeville,40.42118,-79.7881
Hazleton,40.95842,-75.97465
Wilkes-Barre,41.24591,-75.88131
Central Falls,41.89066,-71.39228
Bergenfield,40.9276,-73.99736
Dover,40.88399,-74.5621
Englewood,40.89288,-73.97264
Fort Lee,40.85093,-73.97014
Garfield,40.88149,-74.1132
Hackensack,40.88593,-74.04347
Harrison,40.74649,-74.15626
Hawthorne,40.94926,-74.15375
Keene,42.93369,-72.27814
Laconia,43.52785,-71.47035
Merrimack,42.86509,-71.4934
Derry,42.88064,-71.32729
Kearny,40.76843,-74.14542
Linden,40.62205,-74.24459
Long Branch,40.30428,-73.99236
Madison,40.75982,-74.4171
Montclair,40.82593,-74.20903
Morristown,40.79677,-74.48154
Parsippany,40.85788,-74.42599
Piscataway,40.49927,-74.39904
Asbury Park,40.22039,-74.01208
White Bear Lake,45.08469,-93.00994
Winona,44.04996,-91.63932
Woodbury,44.92386,-92.95938
Amherst,42.97839,-78.79976
Amsterdam,42.93869,-74.18819
Baldwin,40.65649,-73.6093
Batavia,42.99812,-78.18752
Bay Shore,40.7251,-73.24539
Borough Park,40.63399,-73.99681
Brentwood,40.78121,-73.24623
Jamestown,46.91054,-98.70844
Kentwood,42.86947,-85.64475
Waterville,44.55201,-69.63171
Westbrook,43.67703,-70.37116
Allen Park,42.25754,-83.21104
Auburn Hills,42.68753,-83.2341
Oak Park,42.45948,-83.18271
Port Huron,42.97086,-82.42491
Roseville,42.49726,-82.93714
Lincoln Park,42.25059,-83.17854
Madison Heights,42.48587,-83.1052
Monroe,41.91643,-83.39771
Birmingham,42.5467,-83.21132
Canton,42.30865,-83.48216
Coon Rapids,45.11997,-93.28773
Cottage Grove,44.82774,-92.94382
Eagan,44.80413,-93.16689
Edina,44.88969,-93.34995
Hopkins,44.92496,-93.46273
Mankato,44.15906,-94.00915
Maple Grove,45.07246,-93.45579
Eastpointe,42.46837,-82.95547
Farmington Hills,42.48531,-83.37716
Garden City,42.32559,-83.33104
Champlin,45.18885,-93.39745
Chanhassen,44.86219,-93.53079
Farmington,44.64024,-93.14355
Forest Lake,45.27886,-92.98522
Fridley,45.08608,-93.26328
Hibbing,47.42715,-92.93769
Wyoming,42.91336,-85.70531
Ypsilanti,42.24115,-83.61299
Andover,45.2333,-93.29134
Apple Valley,44.73191,-93.21772
Plattsburgh,44.69949,-73.45291
Port Chester,41.00176,-73.66568
Rego Park,40.72649,-73.85264
Richmond Hill,40.69983,-73.83125
Ridgewood,40.7001,-73.90569
Rockville Centre,40.65871,-73.64124
Holtsville,40.81538,-73.04511
Huntington,40.86815,-73.42568
Jackson Heights,40.75566,-73.88541
Kingston,41.92704,-73.99736
Spring Valley,41.11315,-74.04375
Washington Heights,40.8501,-73.93541
Watertown,43.97478,-75.91076
West Babylon,40.71816,-73.35429
North Tonawanda,43.03867,-78.8642
Oceanside,40.63871,-73.64013
Ozone Park,40.67677,-73.84375
Levittown,40.72593,-73.51429
Lockport,43.17061,-78.69031
Long Beach,40.58844,-73.65791
Long Island City,40.74482,-73.94875
Mamaroneck,40.94871,-73.73263
Maspeth,40.72316,-73.91264
Melville,40.79343,-73.41512
Middletown,41.44593,-74.42293
Northfield,44.4583,-93.1616
Owatonna,44.08385,-93.22604
Plymouth,45.01052,-93.45551
Prior Lake,44.7133,-93.42273
Canarsie,40.64372,-73.90069
Cheektowaga,42.90339,-78.75475
Commack,40.84288,-73.29289
Coney Island,40.57788,-73.99403
Flatbush,40.65205,-73.95903
Floral Park,40.72371,-73.70485
Fordham,40.85927,-73.89847
Forest Hills,40.71621,-73.85014
Franklin Square,40.70732,-73.67596
Freeport,40.6576,-73.58318
Fresh Meadows,40.73482,-73.79347
Garden City,40.72677,-73.6343
Glen Cove,40.86232,-73.63374
Deer Park,40.76177,-73.32929
East Meadow,40.71399,-73.55902
Elmont,40.70094,-73.71291
Sunset Park,40.64548,-74.01241
Pearl City,21.39734,-157.97516
West Bloomfield Township,42.56891,-83.38356
Florence-Graham,33.96772,-118.24438
Briarwood,40.70935,-73.81529
Eastvale,33.96358,-117.56418
Spring Hill,35.75118,-86.93
Tullahoma,35.36202,-86.20943
Brenham,30.16688,-96.39774
Brownwood,31.70932,-98.99116
Bluffton,32.23715,-80.86039
Goodlettsville,36.32311,-86.71333
Dyersburg,36.03452,-89.38563
Bixby,35.94204,-95.88332
Chickasha,35.05257,-97.93643
Claremore,36.3126,-95.61609
Durant,33.99399,-96.37082
Pickerington,39.88423,-82.7535
Springboro,39.55228,-84.23327
Sapulpa,35.9987,-96.11417
Tahlequah,35.91537,-94.96996
Lancaster,39.71368,-82.59933
Rockwall,32.93123,-96.45971
Sachse,32.97623,-96.59527
San Juan,26.18924,-98.15529
Channelview,29.77606,-95.11465
Cibolo,29.56162,-98.22696
Coppell,32.95457,-97.01501
Mount Pleasant,33.15679,-94.96827
Southlake,32.94124,-97.13418
Stephenville,32.2207,-98.20226
Sulphur Springs,33.13845,-95.60107
Christiansburg,37.12985,-80.40894
Dale City,38.63706,-77.31109
Annandale,38.83039,-77.19637
Glastonbury,41.71232,-72.60815
Guilford,41.28899,-72.68176
Madison,41.27954,-72.59843
Portland,27.87725,-97.32388
Gainesville,33.62594,-97.13335
Harker Heights,31.08351,-97.65974
Oxford,39.507,-84.74523
Fairfield,39.34589,-84.5605
Dickinson,29.46079,-95.05132
Kerrville,30.04743,-99.14032
Kyle,29.98911,-97.87723
Midlothian,32.48236,-96.99445
Vandalia,39.89061,-84.19883
Xenia,39.68478,-83.92965
Ada,34.77453,-96.67834
Altus,34.63813,-99.33398
Oakton,38.88095,-77.30082
Lorton,38.70428,-77.22776
McLean,38.93428,-77.17748
Waynesboro,38.06847,-78.88947
Addison,32.96179,-96.82917
Alice,27.75225,-98.06972
Angleton,29.16941,-95.43188
Atascocita,29.99883,-95.1766
Maple Shade,39.95261,-74.99239
Mount Laurel,39.934,-74.891
Pleasantville,39.38984,-74.52404
Sicklerville,39.71734,-74.96933
Vincentown,39.934,-74.74849
Williamstown,39.68623,-74.99517
Beavercreek,39.70923,-84.06327
Drexel Hill,39.94706,-75.29213
Rogers Park,42.00864,-87.66672
Hanover Park,41.99947,-88.14507
Hinsdale,41.80086,-87.93701
Huntley,42.16808,-88.42814
Darien,41.75198,-87.97395
Dolton,41.63892,-87.60727
East Moline,41.50087,-90.4443
East Peoria,40.66615,-89.5801
Elmwood Park,41.92114,-87.80923
Frankfort,41.49587,-87.84866
Blue Island,41.65726,-87.68005
Bridgeview,41.75003,-87.80422
Brookfield,41.82392,-87.85173
Buffalo Grove,42.15141,-87.95979
Carpentersville,42.12114,-88.25786
Cary,42.21197,-88.23814
Sterling,41.78864,-89.69622
Streamwood,42.02558,-88.17841
Morton Grove,42.04059,-87.78256
Near North Side,41.90003,-87.6345
New Lenox,41.51198,-87.96561
Niles,42.01892,-87.80284
Waukee,41.61166,-93.88523
Algonquin,42.16558,-88.29425
Alsip,41.66892,-87.73866
Belmont Cragin,41.9317,-87.76867
Belvidere,42.26391,-88.84427
Bensenville,41.95503,-87.94007
La Grange,41.80503,-87.86923
Lake Forest,42.25863,-87.84063
Lake in the Hills,42.18169,-88.33036
Libertyville,42.28308,-87.95313
Lisle,41.80114,-88.07479
Macomb,40.45921,-90.6718
Washington,40.70365,-89.40731
West Town,41.89381,-87.67493
Westmont,41.79586,-87.97562
Wheeling,42.13919,-87.92896
Woodridge,41.74697,-88.05034
Woodstock,42.31474,-88.4487
Marion,42.03417,-91.59768
New Canaan,41.14676,-73.49484
North Haven,41.39093,-72.85954
Seymour,41.39676,-73.07594
Windham,41.69982,-72.15702
Altoona,41.64416,-93.46466
Bay City,28.98276,-95.9694
Glendale Heights,41.9146,-88.06486
North Andover,42.6987,-71.13506
Darien,41.07871,-73.46929
Cleveland Heights,41.52005,-81.55624
East Haven,41.27621,-72.86843
East Norwalk,41.10565,-73.39845
Schertz,29.55217,-98.26973
Southbridge,42.0751,-72.03341
Stoughton,42.1251,-71.10227
Sudbury,42.38343,-71.41617
Swansea,41.74816,-71.18977
Tewksbury,42.61065,-71.23422
Chelmsford,42.59981,-71.36728
Concord,42.46037,-71.34895
Dracut,42.67037,-71.30201
East Longmeadow,42.06454,-72.51259
Easthampton,42.26676,-72.66898
Easton,42.02454,-71.12866
Gardner,42.57509,-71.99813
Grafton,42.20704,-71.68562
Greenfield,42.58759,-72.59953
Hanover,42.11316,-70.81199
Jamaica Plain,42.30982,-71.12033
Ludlow,42.16009,-72.47592
Marblehead,42.5001,-70.85783
Needham,42.28343,-71.23283
Norton,41.96677,-71.18699
Palmer,42.15843,-72.32869
Reading,42.52565,-71.09533
Wakefield,42.50648,-71.07283
Wilmington,42.54648,-71.17367
Winchester,42.45232,-71.137
Winthrop,42.3751,-70.98283
Yarmouth,41.70567,-70.22863
Portage,41.57587,-87.17615
Schererville,41.47892,-87.45476
Acton,42.48509,-71.43284
Amesbury,42.85842,-70.93005
Ashland,42.26121,-71.4634
Auburn,42.19454,-71.83563
Barnstable,41.70011,-70.29947
Belmont,42.39593,-71.17867
Granger,41.75338,-86.11084
Sunland Park,31.7965,-106.57999
Rio Linda,38.69101,-121.44857
Riverbank,37.73604,-120.93549
Rowland Heights,33.97612,-117.90534
Roseburg,43.2165,-123.34174
Sherwood,45.35651,-122.8401
Canby,45.2629,-122.69259
Central Point,42.37596,-122.91643
McMinnville,45.21012,-123.19872
Milwaukie,45.44623,-122.63926
The Dalles,45.59456,-121.17868
Troutdale,45.53929,-122.38731
Lebanon,44.53651,-122.90703
Forest Grove,45.51984,-123.11066
Hermiston,45.84041,-119.28946
Pendleton,45.67207,-118.7886
Wilsonville,45.29984,-122.77371
Mandan,46.82666,-100.88958
Caon City,38.44098,-105.24245
Hurricane,37.17526,-113.28995
Fernley,39.60797,-119.25183
Studio City,34.14862,-118.39647
Suisun,38.23825,-122.04024
Northglenn,39.88554,-104.9872
Tujunga,34.25223,-118.28841
Ukiah,39.15017,-123.20778
Pleasant Hill,37.94798,-122.0608
Ramona,33.04171,-116.86808
Rancho Mirage,33.73974,-116.41279
Shafter,35.50051,-119.27178
South El Monte,34.05195,-118.04673
South Whittier,33.95015,-118.03917
Louisville,39.97776,-105.13193
Sandy,40.59161,-111.8841
Tooele,40.53078,-112.29828
Holladay,40.66884,-111.82466
Magna,40.70911,-112.10161
Millcreek,40.68689,-111.87549
Murray,40.66689,-111.88799
North Salt Lake,40.84856,-111.90688
Payson,40.0444,-111.73215
Brigham City,41.51021,-112.0155
Centerville,40.918,-111.87216
Cottonwood Heights,40.61967,-111.81021
Moses Lake,47.13014,-119.27808
Mountlake Terrace,47.78815,-122.30874
Kenmore,47.75732,-122.24401
Des Moines,47.40177,-122.32429
Ellensburg,46.99651,-120.54785
Camas,45.58706,-122.39954
Apache Junction,33.41505,-111.54958
Sheridan,44.79719,-106.95618
South Hill,47.14121,-122.27012
Spanaway,47.10399,-122.43457
Tumwater,47.00732,-122.90931
Bainbridge Island,47.62621,-122.52124
SeaTac,47.44846,-122.29217
Silverdale,47.64454,-122.69487
Evans,40.37637,-104.69219
McKinleyville,40.94652,-124.10062
Washington,37.13054,-113.50829
Garden City,37.97169,-100.87266
San Bruno,37.63049,-122.41108
Sanger,36.70801,-119.55597
Selma,36.57078,-119.61208
North Hills,34.23639,-118.48472
Winchester,36.12997,-115.11889
Millbrook,32.47986,-86.36192
Oxford,34.3665,-89.51925
Gautier,30.38575,-88.61169
Horn Lake,34.95537,-90.03481
Boone,36.21679,-81.67455
Carrboro,35.91014,-79.07529
Long Beach,30.35048,-89.15282
Albemarle,35.35014,-80.20006
Cornelius,35.4868,-80.86007
Chalmette,29.94296,-89.96537
Opelousas,30.53353,-92.08151
Prairieville,30.30297,-90.97205
Harvey,29.90354,-90.07729
Shelbyville,38.21201,-85.22357
Murray,36.61033,-88.31476
Laplace,30.06698,-90.48147
Homewood,33.47177,-86.80082
Trussville,33.61983,-86.60888
Daphne,30.60353,-87.9036
McDonough,33.44734,-84.14686
Randallstown,39.36733,-76.79525
Severna Park,39.07039,-76.54524
Clarksdale,34.20011,-90.57093
Raytown,39.00862,-94.46356
Republic,37.12005,-93.48019
O'Fallon,38.81061,-90.69985
Saint Peters,38.80033,-90.62651
Sedalia,38.70446,-93.22826
Sikeston,36.87672,-89.58786
Roanoke Rapids,36.46154,-77.65415
Laurinburg,34.77405,-79.46282
Lenoir,35.91402,-81.53898
Pinehurst,35.19543,-79.46948
Holly Springs,35.65127,-78.83362
Hope Mills,34.97044,-78.94531
Indian Trail,35.07681,-80.66924
Fuquay-Varina,35.58432,-78.80001
Havelock,34.87905,-76.90133
Kirkwood,38.58339,-90.40678
Bayville,39.90929,-74.15486
Glassboro,39.70289,-75.11184
Jackson,39.7765,-74.86238
Prichard,30.7388,-88.07889
Palm City,27.16783,-80.26616
Pine Hills,28.55778,-81.4534
Poinciana,28.14029,-81.45841
Riviera Beach,26.77534,-80.0581
Royal Palm Beach,26.7084,-80.2306
Safety Harbor,27.99085,-82.69316
Carol City,25.94065,-80.2456
Cooper City,26.05731,-80.27172
Crestview,30.76213,-86.57051
Dania Beach,26.05231,-80.14393
DeLand,29.02832,-81.30312
DeBary,28.88305,-81.30868
Doral,25.81954,-80.35533
Lynn Haven,30.24548,-85.64826
Merritt Island,28.53917,-80.672
Miami Lakes,25.90871,-80.30866
Navarre,30.40159,-86.86357
North Lauderdale,26.2173,-80.22588
Oakland Park,26.17231,-80.13199
Opa-locka,25.90232,-80.25033
Edgewater,28.98888,-80.90228
Estero,26.43814,-81.80675
Flagami,25.76232,-80.31616
Fountainebleau,25.77288,-80.34783
Hallandale Beach,25.9812,-80.14838
Redan,33.74538,-84.13158
Cartersville,34.16533,-84.80231
Dublin,32.54044,-82.90375
Dunwoody,33.94621,-84.33465
Fayetteville,33.44873,-84.45493
Kingsland,30.79996,-81.68983
LaGrange,33.03929,-85.03133
Lithia Springs,33.794,-84.66049
Mableton,33.81872,-84.58243
Chamblee,33.89205,-84.29881
Sun City Center,27.71809,-82.35176
Sunrise,26.13397,-80.1131
Tamiami,25.75871,-80.39839
Temple Terrace,28.0353,-82.38926
The Hammocks,25.67149,-80.4445
Allapattah,25.81454,-80.22394
Auburndale,28.0653,-81.78869
Aventura,25.95648,-80.13921
Bartow,27.89641,-81.84314
Belle Glade,26.68451,-80.66756
Kendale Lakes,25.70816,-80.407
Lauderdale Lakes,26.16647,-80.20838
Lauderhill,26.14036,-80.21338
Middle River,39.33427,-76.43941
Montgomery Village,39.17677,-77.19526
Odenton,39.084,-76.70025
Owings Mills,39.41955,-76.78025
Parkville,39.37733,-76.53969
Pasadena,39.10733,-76.57108
Perry Hall,39.41261,-76.46357
Crofton,39.00178,-76.68747
Easton,38.77428,-76.07633
Edgewood,39.41872,-76.2944
Belton,38.81195,-94.5319
Arnold,38.43283,-90.37762
East Independence,39.09556,-94.35523
Ferguson,38.74422,-90.30539
Gladstone,39.20389,-94.55468
Grandview,38.88584,-94.53301
Suwanee,34.05149,-84.0713
Tifton,31.45046,-83.5085
Winder,33.99261,-83.72017
Mattoon,39.48309,-88.37283
Godfrey,38.9556,-90.18678
Jacksonville,39.73394,-90.22901
Collinsville,38.67033,-89.98455
Edwardsville,38.81144,-89.95316
Avon,39.76282,-86.39972
Clarksville,38.29674,-85.75996
Jeffersontown,38.19424,-85.5644
Madisonville,37.3281,-87.49889
Burlington,39.02756,-84.72411
New Albany,38.28562,-85.82413
Fort Thomas,39.07506,-84.44716
Derby,37.54557,-97.26893
Gardner,38.81084,-94.92719
Hays,38.87918,-99.32677
Lenexa,38.95362,-94.73357
Seymour,38.95922,-85.89025
Vincennes,38.67727,-87.52863
Zionsville,39.95087,-86.26194
Papillion,41.15444,-96.04224
River Falls,44.86136,-92.62381
Rye,40.98065,-73.68374
Fountain Hills,33.61171,-111.71736
Catalina Foothills,32.29785,-110.9187
Branford,41.27954,-72.8151
Sanford,43.43925,-70.77422
Rosemount,44.73941,-93.12577
Sartell,45.62163,-94.20694
Shoreview,45.07913,-93.14717
La Vista,41.18389,-96.03113
Rocky River,41.4756,-81.8393
Shaker Heights,41.47394,-81.53707
Sidney,40.28422,-84.1555
Solon,41.38978,-81.44123
El Cerrito,37.91576,-122.31164
El Dorado Hills,38.68574,-121.08217
El Segundo,33.91918,-118.41647
Hermosa Beach,33.86224,-118.39952
Imperial,32.84755,-115.56944
Marina,36.6844,-121.80217
Millbrae,37.59855,-122.38719
Jurupa Valley,33.99251,-117.51644
North Highlands,38.68574,-121.37217
Lomita,33.79224,-118.31507
Oakdale,37.76659,-120.84715
Orangevale,38.67851,-121.22578
Pacific Grove,36.61774,-121.91662
Parlier,36.61162,-119.52707
Patterson,37.4716,-121.12966
Koreatown,34.05779,-118.30091
La Caada Flintridge,34.19917,-118.18785
La Palma,33.8464,-118.04673
Sun City West,33.66198,-112.34127
Clearlake,38.95823,-122.62637
Corcoran,36.09801,-119.5604
Oro Valley,32.39091,-110.96649
Boyle Heights,34.0339,-118.20535
Dinuba,36.54328,-119.38707
Agoura Hills,34.13639,-118.77453
American Canyon,38.17492,-122.2608
Antelope,38.70824,-121.32995
Arroyo Grande,35.11859,-120.59073
Arvin,35.20913,-118.82843
Bell Gardens,33.96529,-118.15146
Calabasas,34.15778,-118.63842
Castaic,34.48888,-118.62287
Chatsworth,34.25723,-118.6012
Watertown,43.19472,-88.72899
Wauwatosa,43.04946,-88.00759
West Allis,43.01668,-88.00703
Weirton,40.41896,-80.58952
Fitchburg,42.96083,-89.46984
Greenfield,42.9614,-88.01259
Menasha,44.20221,-88.4465
Beaver Dam,43.45777,-88.83733
Kaukauna,44.27804,-88.27205
Cudahy,42.95974,-87.86147
De Pere,44.44888,-88.06038
Delaware,40.29867,-83.06797
East Cleveland,41.53311,-81.57901
Fremont,41.35033,-83.12186
Gahanna,40.01923,-82.87934
Garfield Heights,41.417,-81.60596
Green,40.94589,-81.48317
Hilliard,40.0334,-83.15825
Oregon,41.64366,-83.48688
Painesville,41.72449,-81.24566
Ramsey,41.05732,-74.14098
Rutherford,40.82649,-74.10681
Somerset,40.4976,-74.48849
South Plainfield,40.57927,-74.41154
South River,40.44649,-74.38598
Teaneck,40.8976,-74.01597
Union,40.6976,-74.2632
Voorhees,40.48122,-74.48321
Wayne,40.92538,-74.27654
West Orange,40.79871,-74.23904
Willingboro,40.02789,-74.86905
Streetsboro,41.23922,-81.34594
Sylvania,41.71894,-83.71299
Tallmadge,41.10145,-81.44178
Tiffin,41.1145,-83.17797
Wooster,40.80517,-81.93646
Ashland,40.86867,-82.31822
Avon,41.45171,-82.03542
Berea,41.36616,-81.8543
Boardman,41.02423,-80.66285
Broadview Heights,41.31394,-81.68513
Maple Heights,41.41533,-81.56596
Bethel Park,40.32757,-80.0395
Middletown,41.54566,-71.29144
Narragansett,41.4501,-71.4495
North Providence,41.8501,-71.46617
Portsmouth,41.60232,-71.25033
West Warwick,41.69689,-71.52194
Bedford,42.94647,-71.5159
Phoenixville,40.13038,-75.51491
Pottstown,40.24537,-75.64963
West Mifflin,40.3634,-79.86644
Willow Grove,40.144,-75.11573
Barrington,41.74066,-71.30866
Bristol,41.67705,-71.26616
Coventry,41.7001,-71.68284
Cumberland,41.96677,-71.43284
Bloomfield,40.80677,-74.18542
Carteret,40.57733,-74.2282
Dumont,40.94065,-73.99681
East Brunswick,40.42788,-74.41598
Elmwood Park,40.90399,-74.11848
Fair Lawn,40.94038,-74.13181
Irvington,40.73232,-74.23487
Iselin,40.57538,-74.32237
Livingston,40.79593,-74.31487
Lodi,40.88232,-74.0832
Mahwah,41.08871,-74.14376
Maplewood,40.73121,-74.27348
Marlboro,40.31539,-74.24626
North Bergen,40.80427,-74.01208
Nutley,40.82232,-74.15987
Orange,40.77066,-74.23265
Palisades Park,40.84816,-73.99764
Salem,42.78842,-71.20089
Willmar,45.12191,-95.04334
Bensonhurst,40.60177,-73.99403
Bethpage,40.74427,-73.48207
Hamtramck,42.39282,-83.04964
Jenison,42.90725,-85.79198
West Scarborough,43.57036,-70.38783
Okemos,42.72226,-84.42747
Redford,42.38337,-83.2966
Rochester Hills,42.65837,-83.14993
Romulus,42.22226,-83.3966
Mount Clemens,42.59726,-82.87798
Clinton Township,42.58698,-82.91992
Maplewood,44.95302,-92.99522
Ferndale,42.46059,-83.13465
Grandville,42.90975,-85.76309
Brooklyn Center,45.07608,-93.33273
Chaska,44.78941,-93.60218
Faribault,44.29496,-93.26883
Golden Valley,45.00969,-93.34912
Wayne,42.28143,-83.38632
Wyandotte,42.21421,-83.14992
Albert Lea,43.64801,-93.36827
Anoka,45.19774,-93.38718
Austin,43.66663,-92.97464
Peekskill,41.29009,-73.92042
Plainview,40.77649,-73.46735
Rosedale,40.66205,-73.73541
Holbrook,40.81232,-73.07844
Howard Beach,40.65788,-73.83625
Huntington Station,40.85343,-73.41151
Irondequoit,43.2134,-77.57972
Smithtown,40.85593,-73.20067
Springfield Gardens,40.66312,-73.76221
Sunnyside,40.73982,-73.93542
Syosset,40.82621,-73.50207
Wakefield,40.89788,-73.85236
West Albany,42.68313,-73.77845
West Islip,40.70621,-73.30623
Whitestone,40.79455,-73.81847
Woodhaven,40.68927,-73.85791
Woodside,40.74538,-73.90541
Nanuet,41.08871,-74.01347
New City,41.1476,-73.98931
Ossining,41.16287,-73.86152
Oswego,43.45535,-76.5105
Parkchester,40.83899,-73.86041
Pearl River,41.05899,-74.02181
Latham,42.74702,-73.75901
Lindenhurst,40.68677,-73.37345
Lynbrook,40.65483,-73.6718
Massapequa,40.68066,-73.47429
Merrick,40.66288,-73.55152
Middle Village,40.71649,-73.88125
Monsey,41.11121,-74.06848
Oakdale,44.96302,-92.96494
Ramsey,45.2611,-93.45
Richfield,44.8833,-93.283
Brownsville,40.66094,-73.92014
Centereach,40.85843,-73.09955
Central Islip,40.79065,-73.20178
Cohoes,42.77424,-73.70012
College Point,40.7876,-73.84597
Flatlands,40.62122,-73.93486
Gloversville,43.05285,-74.34375
Grand Island,43.03311,-78.96254
Greenburgh,41.03287,-73.84291
Harrison,40.96899,-73.71263
Hauppauge,40.82565,-73.20261
Copiague,40.68149,-73.39984
Coram,40.86871,-73.00149
Cypress Hills,40.67705,-73.89125
East Elmhurst,40.76121,-73.86514
East Flatbush,40.65371,-73.93042
East New York,40.66677,-73.88236
East Village,40.72927,-73.98736
Randolph,40.84829,-74.58148
Eagle River,61.32139,-149.56778
Wahiaw,21.50279,-158.02464
Wailuku,20.89133,-156.50604
Ewa Gentry,21.33999,-158.03039
Milton,34.13216,-84.30067
Morningside Heights,40.81,-73.9625
Badger,64.8,-147.53333
Kew Gardens Hills,40.73002,-73.8234
Gramercy Park,40.7375,-73.98611
Butte-Silver Bow (Balance),45.90194,-112.65708
Silver Firs,47.86602,-122.1551
Vineyard,38.46449,-121.34692
Midway,30.40648,-87.00553
Oakleaf Plantation,30.17083,-81.83549
East Honolulu,21.28906,-157.71734
Old Jamestown,38.83494,-90.28511
Bothell West,47.80527,-122.24064
Eastmont,47.8974,-122.18154
Mill Creek East,47.83602,-122.18766
Wallingford Center,41.44987,-72.81892
North Attleborough Center,41.97263,-71.32474
Bel Air North,39.55429,-76.37309
Bel Air South,39.50506,-76.31977
Mercerville-Hamilton Square,40.23126,-74.67223
Oxon Hill-Glassmanor,38.79615,-76.97499
Gates-North Gates,43.16547,-77.70066
Greater Upper Marlboro,38.83142,-76.74827
Lanham-Seabrook,38.96835,-76.85108
Lutherville-Timonium,39.43997,-76.61099
Setauket-East Setauket,40.93064,-73.10179
St. Charles,38.60728,-76.92478
Suitland-Silver Hill,38.84685,-76.92591
Fort Leonard Wood,37.70573,-92.15717
Saginaw Township North,43.46004,-84.00674
East Lake-Orient Park,27.98269,-82.37878
Four Corners,28.33287,-81.64738
Greater Northdale,28.10545,-82.52594
Candler-McAfee,33.72672,-84.27246
Sandalfoot Cove,26.33863,-80.1869
University,28.07389,-82.43902
Vero Beach South,27.61638,-80.41308
Kendall West,25.7065,-80.4388
Palm River-Clair Mel,27.92386,-82.37939
Bryn Mawr-Skyway,47.4943,-122.24092
Casa de Oro-Mount Helix,32.76397,-116.96877
Fort Hood,31.13489,-97.77561
Inglewood-Finn Hill,47.72049,-122.23167
La Crescenta-Montrose,34.23216,-118.23529
East Hill-Meridian,47.41052,-122.17369
Picnic Point-North Lynnwood,47.86278,-122.29497
Security-Widefield,38.74728,-104.71439
Union Hill-Novelty Hill,47.67887,-122.02833
Vincent,34.09836,-117.92383
West Whittier-Los Nietos,33.976,-118.06909
Summerlin South,36.11708,-115.33001
Makakilo,21.35237,-158.08655
Schofield Barracks,21.49837,-158.06515
Kapolei,21.33555,-158.0582
Stevenson Ranch,34.39048,-118.57372
New South Memphis,35.08676,-90.05676
Springfield,36.50921,-86.885
Brushy Creek,30.51353,-97.73973
Seven Oaks,34.04876,-81.14648
Socastee,33.6835,-78.99837
Farragut,35.88452,-84.15353
Gallatin,36.38838,-86.44666
East Chattanooga,35.06535,-85.24912
East Ridge,35.01424,-85.2519
Taylors,34.92039,-82.29623
Wade Hampton,34.90373,-82.33317
Del City,35.44201,-97.44087
Portsmouth,38.73174,-82.99767
Riverside,39.77978,-84.1241
Sand Springs,36.13981,-96.10889
Hanahan,32.91851,-80.02203
El Reno,35.53227,-97.95505
Jenks,36.02287,-95.96833
Forest Park,39.29034,-84.50411
Huber Heights,39.84395,-84.12466
Mustang,35.38423,-97.72449
Saginaw,32.86013,-97.36391
San Benito,26.13258,-97.6311
Canyon Lake,29.87522,-98.26251
Cinco Ranch,29.73884,-95.758
Cloverleaf,29.77828,-95.17188
Converse,29.51801,-98.31612
Corinth,33.15401,-97.06473
Murphy,33.01512,-96.61305
Nederland,29.97438,-93.9924
New Territory,29.59412,-95.68078
Bon Air,37.52487,-77.55777
Buckhall,38.73178,-77.4311
Universal City,29.54801,-98.29112
University Park,32.85013,-96.80028
Watauga,32.85791,-97.25474
West University Place,29.71801,-95.43383
White Settlement,32.75957,-97.45835
Front Royal,38.91817,-78.19444
Great Falls,38.99817,-77.28832
Highland Springs,37.54598,-77.32776
South Houston,29.66301,-95.23549
Taylor,30.57076,-97.40944
East Hampton,37.03737,-76.33161
Franconia,38.78206,-77.14637
Cave Spring,37.22764,-80.01282
Cherry Hill,38.56984,-77.26693
Colonial Heights,37.26804,-77.40726
Culpeper,38.47318,-77.99666
Wylie,33.01512,-96.53888
Baileys Crossroads,38.85039,-77.1297
Short Pump,37.65042,-77.61249
South Riding,38.92094,-77.50388
South Suffolk,36.71709,-76.59023
Sudley,38.79289,-77.49749
Ledyard,41.43982,-72.01424
West Falls Church,38.89094,-77.18443
West Springfield,38.77261,-77.22109
Wolf Trap,38.93983,-77.28609
Pennsport,39.92761,-75.15045
Springfield,39.93067,-75.32019
Wharton,39.92678,-75.15712
Whitman,39.91678,-75.15546
Pecan Grove,29.62607,-95.73162
Prosper,33.23623,-96.80111
Farmers Branch,32.92651,-96.89612
Forney,32.74818,-96.47193
Fresno,29.53885,-95.44744
Groves,29.94827,-93.91712
Highland Village,33.09179,-97.04668
Lebanon,39.43534,-84.20299
Norwood,39.15561,-84.45966
Pataskala,39.99562,-82.67433
Centerville,39.62839,-84.15938
Donna,26.17035,-98.05195
Kingwood Area,30.03355,-95.26104
La Marque,29.36857,-94.97131
Live Oak,29.56523,-98.3364
Mercedes,26.1498,-97.91361
Mission Bend,29.69384,-95.66495
Hutto,30.5427,-97.54667
Jollyville,30.4427,-97.77501
Trotwood,39.79728,-84.31133
Upper Arlington,39.99451,-83.06241
White Oak,39.21311,-84.59939
Whitehall,39.96673,-82.88546
Bethany,35.51867,-97.63226
Hopewell,37.30432,-77.2872
Hybla Valley,38.74761,-77.08303
Idylwood,38.89511,-77.21165
Lake Ridge,38.68789,-77.29776
Laurel,37.64292,-77.50887
Portsmouth Heights,36.82098,-76.36883
Rose Hill,38.78872,-77.11276
Lincolnia,38.81845,-77.14331
Linton Hall,38.75984,-77.57499
Manassas Park,38.784,-77.46971
Montclair,38.61095,-77.33971
Tuckahoe,37.59015,-77.55638
Tysons Corner,38.91872,-77.23109
Alamo,26.18369,-98.12306
Aldine,29.93245,-95.38021
Alton,26.28729,-98.31335
Balch Springs,32.72874,-96.62277
Belton,31.05601,-97.46445
Benbrook,32.67319,-97.46058
Ocean Acres,39.74345,-74.28098
Pennsauken,39.95622,-75.05795
Chambersburg,39.93759,-77.6611
Portage Park,41.95781,-87.76506
Prospect Heights,42.0953,-87.93757
Rolling Meadows,42.08419,-88.01313
Roselle,41.98475,-88.07979
Round Lake Beach,42.37169,-88.09008
Gage Park,41.79503,-87.69616
Geneva,41.88753,-88.30535
Goodings Grove,41.6292,-87.93089
Grayslake,42.34447,-88.04175
Homer Glen,41.60003,-87.93811
Homewood,41.55726,-87.6656
Hyde Park,41.7942,-87.59394
Irving Park,41.95336,-87.73645
Crest Hill,41.55475,-88.09867
Deerfield,42.17114,-87.84451
Dixon,41.83892,-89.47955
Edgewater,41.98337,-87.66395
Englewood,41.77976,-87.64588
Evergreen Park,41.72059,-87.70172
Franklin Park,41.93531,-87.86562
Freeport,42.29669,-89.62123
Bourbonnais,41.15376,-87.88754
Bradley,41.14198,-87.86115
Bridgeport,41.83809,-87.65116
Brighton Park,41.81892,-87.69894
Chatham,41.74115,-87.61255
Chicago Lawn,41.77503,-87.69644
Country Club Hills,41.56809,-87.72033
Shorewood,41.52003,-88.20173
South Chicago,41.73977,-87.55425
South Elgin,41.99419,-88.2923
South Holland,41.60087,-87.60699
South Lawndale,41.84364,-87.71255
South Shore,41.76198,-87.57783
Sycamore,41.98892,-88.68675
Uptown,41.9659,-87.65262
Vernon Hills,42.21947,-87.97952
Villa Park,41.88975,-87.98895
Mokena,41.52614,-87.88922
Montgomery,41.73058,-88.3459
Morton,40.61282,-89.45926
New City,41.80753,-87.65644
North Aurora,41.80614,-88.3273
North Center,41.95392,-87.67895
North Lawndale,41.86003,-87.71839
North Peoria,40.71754,-89.58426
Ottawa,41.34559,-88.84258
Palos Hills,41.6967,-87.817
Park Forest,41.49142,-87.67449
Albany Park,41.96836,-87.72339
Ashburn,41.74753,-87.71116
Avondale,41.93892,-87.71117
Bellwood,41.88142,-87.88312
Lake Zurich,42.19697,-88.09341
Lemont,41.67364,-88.00173
Lincoln Park,41.9217,-87.64783
Lincoln Square,41.97587,-87.68922
Logan Square,41.92337,-87.69922
Lower West Side,41.8542,-87.66561
Machesney Park,42.34724,-89.039
Matteson,41.50392,-87.7131
Wasco,41.93808,-88.40452
West Englewood,41.77809,-87.66672
West Lawn,41.77281,-87.72227
West Ridge,41.99975,-87.69284
Westchester,41.85059,-87.882
Yorkville,41.64114,-88.44729
Crawfordsville,40.04115,-86.87445
Fort Dodge,42.49747,-94.16802
Muscatine,41.42447,-91.04321
Newton,41.69971,-93.04798
North Liberty,41.74918,-91.59795
Ottumwa,41.02001,-92.4113
Indianola,41.35805,-93.55744
Johnston,41.67304,-93.69772
Clive,41.60304,-93.72411
Coralville,41.6764,-91.58045
Plainfield,41.67649,-71.91507
Plainville,41.67454,-72.85816
South Windsor,41.82371,-72.6212
Southbury,41.48148,-73.21317
Storrs,41.80843,-72.24952
West Torrington,41.81843,-73.14372
Wilton,41.19537,-73.4379
Wolcott,41.60232,-72.98677
Franklin,39.48061,-86.05499
Chillicothe,39.33312,-82.9824
Inkster,42.2942,-83.30993
Seagoville,32.63958,-96.53832
Rockland,42.13066,-70.91616
South Hadley,42.25842,-72.57453
Stoneham,42.4801,-71.0995
Canton,42.15843,-71.14477
Fairhaven,41.6376,-70.90365
Framingham Center,42.29732,-71.43701
Holden,42.35176,-71.86341
Mansfield,42.03343,-71.21894
Westford,42.57926,-71.43784
Munster,41.56448,-87.51254
New Haven,41.0706,-85.01441
Amherst Center,42.37537,-72.51925
Beverly Cove,42.55343,-70.85366
Dyer,41.4942,-87.52171
Frankfort,40.27948,-86.51084
Griffith,41.52837,-87.42365
Highland,41.55365,-87.45198
Huntington,40.8831,-85.49748
LaPorte,41.6106,-86.72252
Lebanon,40.04837,-86.46917
Logansport,40.75448,-86.35667
Los Lunas,34.80617,-106.73336
South Valley,35.01005,-106.67808
Rosamond,34.86414,-118.16341
Rosemont,38.55185,-121.36467
Rubidoux,33.99613,-117.4056
Four Corners,44.9279,-122.98371
Happy Valley,45.44679,-122.53037
Hayesville,44.98595,-122.98287
Oak Grove,45.41679,-122.64009
Bayside,40.84235,-124.06367
Dallas,44.91928,-123.31705
Aloha,45.49428,-122.86705
Altamont,42.20681,-121.73722
Bethany,45.55789,-122.8676
Pueblo West,38.35,-104.72275
Sherrelwood,39.83776,-105.00137
Southglenn,39.58721,-104.95276
Broomfield,39.92054,-105.08665
Castlewood,39.58471,-104.90109
Plainview,34.18479,-101.70684
Socorro,31.65456,-106.30331
Spanish Springs,39.64908,-119.70741
Sun Valley,39.5963,-119.77602
West Odessa,31.84235,-102.49876
Hereford,34.81521,-102.39932
Horizon City,31.69261,-106.20748
Sun City,33.70919,-117.19726
Sunland,34.26695,-118.3023
North Tustin,33.76446,-117.79394
Valinda,34.04529,-117.94367
Walnut Park,33.96807,-118.22507
Prunedale,36.77579,-121.66967
Rancho Penasquitos,32.95949,-117.11531
Rancho San Diego,32.74727,-116.9353
South San Jose Hills,34.01279,-117.90478
South Yuba City,39.11656,-121.63913
Greenwood Village,39.61721,-104.95081
Ken Caryl,39.57582,-105.11221
West Carson,33.82168,-118.29257
West Puente Valley,34.05168,-117.9684
Westmont,33.9414,-118.3023
Willowbrook,33.91696,-118.25507
Winter Gardens,32.83116,-116.93336
Clifton,39.09193,-108.44898
Columbine,39.58777,-105.06943
South Ogden,41.19189,-111.97133
South Salt Lake,40.71884,-111.88827
Highland,40.42548,-111.79447
Kearns,40.65995,-111.99633
North Ogden,41.30716,-111.96022
Clinton,41.13967,-112.0505
Eagle Mountain,40.31412,-112.00688
East Millcreek,40.69995,-111.81049
Farmington,40.9805,-111.88744
Fairwood,47.44843,-122.15734
Five Corners,45.68456,-122.5751
Frederickson,47.09621,-122.35873
Graham,47.05288,-122.29428
Hazel Dell,45.67151,-122.66288
Martha Lake,47.85093,-122.2393
Mill Creek,47.8601,-122.2043
Opportunity,47.64995,-117.23991
Orchards,45.66651,-122.56093
Parkland,47.15538,-122.43401
Cottage Lake,47.74427,-122.07735
Covington,47.35818,-122.12216
Anthem,33.86726,-112.14682
Tukwila,47.47399,-122.26096
West Lake Sammamish,47.5776,-122.10123
West Lake Stevens,47.99343,-122.1018
Salmon Creek,45.71067,-122.64899
Khei,20.76462,-156.44578
Makakilo City,21.34694,-158.08583
Mililani Town,21.45,-158.00111
Kaneohe,21.39994,-157.79895
Erie,40.05026,-105.04998
Dumas,35.86559,-101.97324
San Lorenzo,37.68104,-122.12441
Whitney,36.09831,-115.0363
Mountain Brook,33.50094,-86.75221
Hernando,34.82399,-89.9937
Clemmons,36.02153,-80.382
Shenandoah,30.4013,-91.00094
Central,30.55435,-91.03677
Estelle,29.84576,-90.10674
Bayou Cane,29.6241,-90.7512
Saint Matthews,38.25285,-85.65579
Shively,38.20007,-85.82274
Newburg,38.16007,-85.65968
Okolona,38.14118,-85.68774
Pleasure Ridge Park,38.14535,-85.8583
Valley Station,38.11118,-85.87024
Metairie Terrace,29.97854,-90.16396
East Florence,34.80953,-87.64947
Bryant,34.59593,-92.48905
Hueytown,33.45122,-86.99666
Tillmans Corner,30.59019,-88.17084
Vestavia Hills,33.44872,-86.78777
Hot Springs,34.5037,-93.05518
Martinez,33.51736,-82.07567
North Atlanta,33.8651,-84.33659
North Decatur,33.79038,-84.30603
North Druid Hills,33.81677,-84.31326
Rosedale,39.32011,-76.51552
Rossville,39.33844,-76.47968
Saint Charles,38.60317,-76.93858
Scaggsville,39.14511,-76.90025
Seabrook,38.96805,-76.84658
South Gate,39.129,-76.6258
South Laurel,39.06983,-76.85025
Raymore,38.80195,-94.45273
Nixa,37.04339,-93.29435
Oakville,38.47005,-90.30456
Overland,38.70116,-90.36234
Ozark,37.02089,-93.20602
University City,38.65588,-90.30928
Warrensburg,38.76279,-93.73605
Webster Groves,38.59255,-90.35734
Wildwood,38.58283,-90.6629
Spanish Lake,38.78783,-90.21594
Mint Hill,35.17959,-80.64729
Morrisville,35.82348,-78.82556
Leland,34.25628,-78.04471
Stallings,35.0907,-80.68618
West Raleigh,35.78682,-78.66389
Lemay,38.53339,-90.27928
Manchester,38.597,-90.50929
Mehlville,38.50839,-90.32289
Lindenwold,39.82428,-74.99767
Maumelle,34.86676,-92.40432
Adams Morgan,38.9215,-77.0422
Shaw,38.91206,-77.02137
Center Point,33.64566,-86.6836
Pace,30.59936,-87.16108
Palm Springs,26.6359,-80.09615
Palm Valley,30.17746,-81.38758
Palmetto Bay,25.62177,-80.32477
Parkland,26.31008,-80.23727
Pinecrest,25.66705,-80.30811
Pinewood,25.86898,-80.21699
Princeton,25.53844,-80.40894
Richmond West,25.6105,-80.42971
San Carlos Park,26.4673,-81.80147
Buenaventura Lakes,28.33584,-81.35313
Cantonment,30.60853,-87.33998
Carrollwood,28.05002,-82.49287
Carrollwood Village,28.06752,-82.52093
Citrus Park,28.07835,-82.56982
Coconut Grove,25.7126,-80.25699
Coral Terrace,25.74593,-80.3045
Country Walk,25.63399,-80.43228
Country Club,25.94815,-80.317
Cutler,25.6151,-80.31061
Meadow Woods,28.38556,-81.36646
Myrtle Grove,30.42103,-87.30747
Norland,25.94898,-80.21227
Oak Ridge,28.47112,-81.42452
Ojus,25.94843,-80.1506
East Lake,28.11085,-82.69482
East Naples,26.13842,-81.76648
Egypt Lake-Leto,28.01769,-82.50619
Ensley,30.51881,-87.27275
Ferry Pass,30.5102,-87.21247
Fleming Island,30.0933,-81.71898
Florida Ridge,27.58031,-80.38672
Fruit Cove,30.11107,-81.64176
Glenvar Heights,25.7076,-80.32561
Golden Gate,26.18787,-81.69509
Golden Glades,25.91176,-80.20033
Greenacres City,26.62368,-80.12532
Peachtree Corners,33.9701,-84.22159
Perry,32.45821,-83.73157
Pooler,32.11548,-81.24706
Belvedere Park,33.75483,-84.26742
East Point,33.67955,-84.43937
South Bradenton,27.4631,-82.58176
South Miami Heights,25.59761,-80.38061
Southchase,28.39306,-81.3834
Sunny Isles Beach,25.95065,-80.12282
Sunset,25.70594,-80.35228
Sweetwater,25.76343,-80.37311
Tavares,28.80416,-81.72563
The Crossings,25.67066,-80.40117
Three Lakes,25.64205,-80.39839
University Park,25.74649,-80.36755
Bayonet Point,28.32667,-82.68343
Bayshore Gardens,27.42532,-82.59038
Bellview,30.46159,-87.31497
Bloomingdale,27.89364,-82.24037
Boca Del Mar,26.34508,-80.14671
Brent,30.46881,-87.23608
Brownsville,25.82176,-80.24116
Hialeah Gardens,25.8651,-80.3245
Iona,26.52036,-81.96398
Ives Estates,25.96231,-80.17671
Jasmine Estates,28.29306,-82.6901
Keystone,28.15585,-82.62121
Lake Butler,28.50167,-81.54091
Lake Magdalene,28.07418,-82.47176
Lake Worth Corridor,26.61649,-80.10102
Lakeside,30.12996,-81.76815
Land O' Lakes,28.2189,-82.45759
Lealman,27.82114,-82.67927
Leisure City,25.49539,-80.42922
Wekiwa Springs,28.69861,-81.42563
Wesley Chapel,28.23973,-82.32787
Westchase,28.05502,-82.60982
West Hollywood,26.02065,-80.18394
West Little River,25.85704,-80.23699
West Melbourne,28.07168,-80.65339
West Park,25.98454,-80.19894
West Pensacola,30.42659,-87.27969
West and East Lealman,27.81993,-82.68944
Westchester,25.75482,-80.32727
Wright,30.45575,-86.63829
Americus,32.07239,-84.23269
Terrytown,29.91021,-90.03257
Zachary,30.64852,-91.1565
Adelphi,39.00317,-76.97192
Arbutus,39.25455,-76.69997
Arnold,39.03206,-76.50274
Maryland City,39.09205,-76.81775
Milford Mill,39.34788,-76.76997
North Bethesda,39.04455,-77.11887
North Potomac,39.08289,-77.26498
Damascus,39.28844,-77.20387
East Riverdale,38.96206,-76.92192
Eldersburg,39.40371,-76.95026
Fairland,39.07622,-76.95775
Ferndale,39.18316,-76.64024
Glassmanor,38.819,-76.99859
Ballenger Creek,39.3726,-77.43526
Calverton,39.05761,-76.93581
Camp Springs,38.804,-76.90664
Carney,39.39427,-76.52358
Chillum,38.96372,-76.99081
Cloverly,39.10816,-76.99775
Cockeysville,39.48122,-76.64386
Hanover,39.19289,-76.72414
Hillcrest Heights,38.83289,-76.95942
Hunt Valley,39.49983,-76.64108
Ilchester,39.25094,-76.76469
Lake Shore,39.10705,-76.48496
Landover,38.934,-76.89664
Langley Park,38.98872,-76.98136
Lochearn,39.34066,-76.72219
Wheaton,39.03983,-77.05526
White Oak,39.03983,-76.99303
Woodlawn,39.32288,-76.72803
Affton,38.55061,-90.33317
Concord,38.5245,-90.35734
Creve Coeur,38.66089,-90.42262
Farmington,37.78088,-90.42179
Sugar Hill,34.10649,-84.03352
Union City,33.58706,-84.54243
Wilmington Island,32.00355,-80.97372
Marion,37.73061,-88.93313
Mount Vernon,38.31727,-88.90312
Charleston,39.49615,-88.17615
Fairview Heights,38.58894,-89.99038
Broad Ripple,39.86671,-86.14165
Brownsburg,39.84338,-86.39777
Bear,39.62928,-75.65826
Greenfield,39.78504,-85.76942
Fort Hunt,38.73289,-77.05803
Prairie Village,38.99167,-94.63357
Lawrence,39.83865,-86.02526
New Castle,39.92894,-85.37025
Fern Creek,38.15979,-85.58774
Highview,38.14285,-85.62413
Emporia,38.4039,-96.18166
Great Bend,38.36446,-98.76481
Junction City,39.02861,-96.8314
Leawood,38.96667,-94.6169
Newton,38.04668,-97.34504
Shelbyville,39.52144,-85.77692
Rossville,40.55566,-74.21348
Rotterdam,42.78702,-73.97096
Sayville,40.73593,-73.08206
Scarsdale,41.0051,-73.78458
Seaford,40.66593,-73.48818
Selden,40.86649,-73.03566
Sheepshead Bay,40.59122,-73.94458
Drexel Heights,32.14119,-111.02843
Flowing Wells,32.29396,-111.00982
Fortuna Foothills,32.65783,-114.41189
Marana,32.43674,-111.22538
South Milwaukee,42.91057,-87.86064
Muskego,42.90585,-88.13898
Oconomowoc,43.11167,-88.49927
Onalaska,43.88441,-91.23514
Pleasant Prairie,42.55308,-87.93341
Saint Louis Park,44.9483,-93.34801
Saint Michael,45.20996,-93.66496
South Saint Paul,44.89274,-93.03494
South Euclid,41.52311,-81.51846
East Rancho Dominguez,33.89807,-118.19535
East Hemet,33.74002,-116.93891
Isla Vista,34.41333,-119.86097
Mead Valley,33.83335,-117.29615
Mira Mesa,32.9156,-117.14392
Mission District,37.75993,-122.41914
Nipomo,35.04275,-120.476
Lennox,33.93807,-118.35258
Linda,39.12767,-121.5508
Live Oak,36.98356,-121.98052
Oildale,35.41968,-119.01955
Orcutt,34.86526,-120.436
Florin,38.49602,-121.40884
Foothill Farms,38.67877,-121.35114
Glen Avon,34.01168,-117.48477
La Presa,32.70811,-116.99725
Ladera Ranch,33.57086,-117.63561
Laguna,38.42102,-121.42384
Laguna Woods,33.6103,-117.72533
Lakeside,32.85727,-116.92225
Lamont,35.25968,-118.91427
Rio Rico,31.47148,-110.97648
Somerton,32.59644,-114.70968
Tanque Verde,32.25174,-110.73731
Tempe Junction,33.41421,-111.94348
Chowchilla,37.123,-120.26018
Bloomington,34.07029,-117.39588
Bostonia,32.80755,-116.93642
Cudahy,33.96057,-118.18535
Agoura,34.14306,-118.73787
Ashland,37.69465,-122.11385
Avocado Heights,34.03612,-117.99118
Bay Point,38.02909,-121.96163
Cameron Park,38.66879,-120.98716
Weston,44.8908,-89.54762
Weirton Heights,40.4084,-80.53924
Mitchell,43.70943,-98.0298
Watertown,44.89941,-97.11507
Germantown,43.22862,-88.11037
Mequon,43.21555,-88.03001
Middleton,43.09722,-89.50429
Ashwaubenon,44.48221,-88.0701
Bellevue,44.44416,-87.9201
Howard,44.5436,-88.08816
Caledonia,42.8078,-87.92425
Collinwood,41.55838,-81.56929
Fairview Park,41.44144,-81.8643
Glenville,41.53338,-81.61735
Mount Vernon,40.3934,-82.48572
New Philadelphia,40.48979,-81.44567
North Canton,40.87589,-81.40234
Norwalk,41.24255,-82.61573
Parma Heights,41.39005,-81.75958
Roselle,40.65223,-74.25882
Sayreville Junction,40.46538,-74.33043
Scotch Plains,40.65538,-74.38987
South Old Bridge,40.40816,-74.35432
South Orange,40.74899,-74.26126
Sparta,41.03343,-74.63849
Tinton Falls,40.30428,-74.10042
Woodbridge,40.5576,-74.28459
Wyckoff,41.00954,-74.17292
Austintown,41.10172,-80.76452
Avon Lake,41.50532,-82.0282
Brook Park,41.39838,-81.80458
Mayfield Heights,41.51922,-81.4579
Middleburg Heights,41.36144,-81.81291
Carlisle,40.20148,-77.18887
Allison Park,40.55951,-79.95867
Back Mountain,41.33591,-75.99631
Smithfield,41.92204,-71.54951
Penn Hills,40.50118,-79.83922
Plum,40.50035,-79.74949
Radnor,40.04622,-75.35991
Upper Saint Clair,40.3359,-80.08339
Limerick,40.23093,-75.52212
McKeesport,40.34785,-79.86422
Murrysville,40.4284,-79.69755
King of Prussia,40.08927,-75.39602
Lansdale,40.2415,-75.28379
Hermitage,41.23339,-80.44868
Wilkinsburg,40.44174,-79.88199
Belleville,40.79371,-74.15014
Cliffside Park,40.82149,-73.98764
Colonia,40.57455,-74.30209
Cranford,40.65844,-74.29959
Fords,40.52927,-74.31598
Hillside,40.70121,-74.23015
Derry Village,42.89175,-71.31201
Lyndhurst,40.81204,-74.12431
New Milford,40.9351,-74.01903
North Arlington,40.78843,-74.1332
North Plainfield,40.6301,-74.42737
Old Bridge,40.41483,-74.36543
Point Pleasant,40.08317,-74.06819
Avenel,40.58038,-74.28515
Kirksville,40.19475,-92.58325
Bath Beach,40.60455,-74.00431
Bellmore,40.66871,-73.52707
Brighton,43.14756,-77.55055
Brighton Beach,40.57788,-73.95958
Haslett,42.74698,-84.40108
Hazel Park,42.46254,-83.10409
Holt,42.64059,-84.51525
Iron River,46.09273,-88.64235
Adrian,41.89755,-84.03717
Allendale,42.97225,-85.95365
Berkley,42.50309,-83.18354
Norton Shores,43.1689,-86.26395
Marquette,46.54354,-87.39542
Columbia Heights,45.0408,-93.263
Crystal,45.03274,-93.36023
Elk River,45.30385,-93.56718
Lino Lakes,45.16024,-93.08883
Minnetonka Mills,44.94107,-93.4419
New Brighton,45.06552,-93.20189
Forest Hills,42.95947,-85.48975
Grosse Pointe Woods,42.44365,-82.90686
Blaine,45.1608,-93.23495
Buffalo,45.17191,-93.87469
Ham Lake,45.25024,-93.24995
Hastings,44.7433,-92.85243
Walker,43.00141,-85.76809
Waverly,42.7392,-84.62081
Queensbury,43.37729,-73.61317
Ronkonkoma,40.81538,-73.11233
Roosevelt,40.67871,-73.58902
Hell's Kitchen,40.76496,-73.9909
Hillside,40.70788,-73.7868
Hollis,40.71344,-73.76708
Hunts Point,40.8126,-73.88402
Islip,40.72982,-73.21039
Kenmore,42.96589,-78.87004
Kew Gardens,40.71427,-73.83097
Kings Bridge,40.87871,-73.90514
Kings Park,40.88621,-73.25734
Kiryas Joel,41.34204,-74.16792
Lackawanna,42.82561,-78.82337
Lake Ronkonkoma,40.8351,-73.13122
Tremont,40.84954,-73.90569
University Heights,40.8601,-73.9093
Wantagh,40.68371,-73.51013
West Hempstead,40.70482,-73.65013
West Seneca,42.85006,-78.79975
Westbury,40.75566,-73.58763
Williamsburg,40.71427,-73.95347
Woodmere,40.63205,-73.71263
Morrisania,40.82927,-73.90653
North Amityville,40.6976,-73.42512
North Babylon,40.71649,-73.32179
North Bay Shore,40.73621,-73.26262
North Massapequa,40.70093,-73.46207
North Valley Stream,40.6851,-73.7018
Park Slope,40.6701,-73.98597
Laurelton,40.67019,-73.74659
Massapequa Park,40.68038,-73.45512
Mastic,40.80204,-72.84094
Medford,40.8176,-73.00011
Melrose,40.82455,-73.91041
Mineola,40.74927,-73.64068
New Hope,45.03802,-93.38662
Otsego,45.27413,-93.59135
Red Wing,44.56247,-92.5338
Cambria Heights,40.69455,-73.73847
Glendale,40.70149,-73.8868
Graniteville,40.62483,-74.14848
Gravesend,40.5976,-73.96514
Great Kills,40.55427,-74.15153
Greenpoint,40.72371,-73.95097
Cortland,42.60118,-76.18048
Depew,42.90395,-78.69225
East Massapequa,40.67343,-73.43651
East Northport,40.87676,-73.32456
East Patchogue,40.76704,-72.99622
East Tremont,40.84538,-73.89097
Eastchester,40.95833,-73.80861
Eggertsville,42.96339,-78.80392
Farmingville,40.83121,-73.02955
Enchanted Hills,35.33676,-106.59296
Bridgewater,40.60079,-74.64815
Warren Township,40.60822,-74.51803
The Acreage,26.79404,-80.26749
West Hills,34.19731,-118.64398
Detroit-Shoreway,41.47772,-81.72991
Clark-Fulton,41.46402,-81.70979
Waterford,41.3417,-72.13597
Meadowbrook,37.44882,-77.47353
Johnston,41.82186,-71.50675
La Porte,41.60774,-86.71389
Mount Pleasant,42.69743,-87.85577
Northdale,28.0939,-82.50561
Chicago Loop,41.88407,-87.6333
Greater Grand Crossing,41.76113,-87.61485
Auburn Gresham,41.74179,-87.65322
South Kingstown,41.44718,-71.52494
Lincoln,41.92111,-71.435
Silver Lake,34.08668,-118.27023
Echo Park,34.07808,-118.26066
Center City,39.9512,-75.15923
St. Johns,30.0815,-81.54774
Stonecrest,33.70849,-84.13485
Valley Glen,34.18991,-118.44953
Encanto,33.47937,-112.07823
Central City,33.44001,-112.05805
Killingly Center,41.83871,-71.86924
West Lynchburg,37.4032,-79.17808
South Vineland,39.44595,-75.02879
Round Lake,42.35336,-88.09341
Grand Boulevard,41.81392,-87.61727
Douglas,41.83476,-87.61811
East Garfield Park,41.88087,-87.70283
Morgan Park,41.69031,-87.66672
Mount Greenwood,41.69809,-87.70866
Near South Side,41.8567,-87.62477
Kenwood,41.8092,-87.59755
McKinley Park,41.8317,-87.67366
West Elsdon,41.79392,-87.7245
West Garfield Park,41.88059,-87.72922
Woodlawn,41.77948,-87.59949
South Peabody,42.50982,-70.94949
North Chicopee,42.18343,-72.59953
Cimarron Hills,38.85861,-104.69886
Sandy Hills,40.58106,-111.85077
Bonney Lake,47.17705,-122.18651
West Gulfport,30.40409,-89.0942
Redland,39.14539,-77.14415
East Pensacola Heights,30.42881,-87.17997
Parole,38.97956,-76.53052
Green Haven,39.13955,-76.54774
Clayton,38.64255,-90.32373
O'Fallon,38.59227,-89.91121
North La Crosse,43.84635,-91.24819
South Portland Gardens,43.63897,-70.31533
Shelby,42.67087,-83.03298
West Coon Rapids,45.15969,-93.34967
Granite Bay,38.76323,-121.16384
Alum Rock,37.36605,-121.82718
West Milford,41.13121,-74.36737
Avon Center,41.45976,-82.01959
West Saint Paul,44.91608,-93.10161
Throgs Neck,40.8226,-73.81958
Van Nest,40.84843,-73.86375
Woodrow,40.54344,-74.19764
Mott Haven,40.80899,-73.92291
New Springville,40.59344,-74.1632
Mariners Harbor,40.63677,-74.15875
Brooklyn Heights,40.69538,-73.99375
Dix Hills,40.80482,-73.33623
East Setauket,40.94149,-73.10594
City of Milford (balance),41.22374,-73.06164
Noe Valley,37.75018,-122.43369
Visitacion Valley,37.71715,-122.40433
City of Sammamish,47.60444,-122.03768
Oak Hill,38.9258,-77.40156
Saint Andrews,34.04543,-81.12926
Mansfield City,41.76593,-72.23369
Jefferson,38.86456,-77.18776
Lewiston Orchards,46.38044,-116.97543
Socorro Mission Number 1 Colonia,31.63622,-106.29054
North Creek,47.81954,-122.17624
Cutler Ridge,25.58066,-80.34672
West Elkridge,39.20705,-76.72692
Upper Alton,38.91144,-90.15066
Mount Lebanon,40.35535,-80.0495
Whitehall Township,40.66676,-75.49991
Ewing,40.26983,-74.79988
East Concord,43.24202,-71.53813
Baychester,40.86928,-73.83645
Kensington,40.64621,-73.97069
Unionport,40.82732,-73.85013
Morris Heights,40.84982,-73.91986
North Bellmore,40.69149,-73.53346
Fort Hamilton,40.61872,-74.0332
Dyker Heights,40.62149,-74.00958
Cranberry Township,40.68496,-80.10714
Financial District,40.70789,-74.00857
Fairfield Heights,39.82861,-86.38224
Brentwood Estates,36.02506,-86.77917
East Brainerd,34.99591,-85.15023
Woodlawn,38.71678,-77.13276
Montville Center,41.47899,-72.15119
Vincent,34.50055,-118.11646
South Jordan Heights,40.56384,-111.94938
South Bel Air,39.53316,-76.33746
Punta Gorda Isles,26.91756,-82.07842
North Bel Air,39.53983,-76.35496
Barstow Heights,34.86971,-117.05615
Hough,41.512,-81.63652
Baldwin,40.33813,-79.97894
Hopatcong Hills,40.94399,-74.67072
Port Richmond,40.63316,-74.13653
Terrace Heights,40.72149,-73.7693
Emerson Hill,40.60872,-74.09598
Dixiana,33.74021,-86.64938
Lents,45.47984,-122.56731
